Pharmacy Name,address,phone number,website,business hours,pham services
Holbrook Pharmacy & Surgical,233 Union Ave,631-585-7092,,Mon-Fri 9:00 AM-6:00 PM|Sat 9:00 AM-2:00 PM|,"Compounding, Durable medical equipment sales"
King Kullen Pharmacy,440 Sunrise Hwy,631-758-8292,,Mon-Fri 8:30 AM-9:00 PM|Sat 9:00 AM-6:30 PM|Sun 9:00 AM-5:00 PM|,"Compounding, 24-hour emergency service, Immunization"
Quality Pharmacy,249 Middle Country Rd,631-732-7373,,Mon-Fri 9:00 AM-7:00 PM|Sat 9:00 AM-5:00 PM|,"In-person delivery, Durable medical equipment sales, 24-hour emergency service, Refill notifications"
Prescription Centre & Surgicals,35h Middle Country Rd H,631-698-2868,,Mon-Fri 9:00 AM-8:00 PM|Sat 9:00 AM-5:00 PM|Sun 10:00 AM-3:00 PM|,"In-person delivery, Compounding, Durable medical equipment sales"
Lighthouse Pharmacy,747 Montauk Hwy,631-654-2444,//www.mylighthousepharmacy.com,Mon-Fri 9:30 AM-6:30 PM|Sat 10:00 AM-3:00 PM|,"In-person delivery, Compounding, Durable medical equipment sales, Convenience packaging"
Rely Rx Inc.,731 Middle Country Rd,631-656-8900,//www.relyrx.com,Mon-Fri 9:00 AM-7:00 PM|Sat 10:00 AM-2:00 PM|,"In-person delivery, Durable medical equipment sales, Immunization, Convenience packaging"
Raan Pharmacy,48 Lowell Ave,631-581-4285,//www.raanpharmacy.com,Mon-Fri 9:00 AM-6:00 PM|Sat 9:00 AM-2:00 PM|,"Compounding, Durable medical equipment sales, Immunization"
Heritage Chemists Pharmacy,150 Route 25a,631-509-4545,//heritagechemists.com,Mon-Fri 9:00 AM-7:00 PM|Sat 9:00 AM-5:00 PM|,"In-person delivery, Compounding, Durable medical equipment sales, Immunization, Refill notifications"
Echo Pharmacy,56 Echo Ave,631-642-8175,,Mon-Fri 9:00 AM-6:00 PM|Sat 9:00 AM-3:00 PM|,"In-person delivery, Compounding, Durable medical equipment sales, Immunization"
Shirley Pharmacy And Surgicals,60 Northern Blvd Store#4,631-281-8101,,Mon-Fri 9:00 AM-8:00 PM|Sat 9:00 AM-5:00 PM|,"In-person delivery, Compounding, Durable medical equipment sales, Refill notifications"
Islip Pharmacy And Surgical,437 Main St,631-581-8077,//www.islippharmacy.com,Mon-Fri 9:00 AM-8:00 PM|Sat 9:00 AM-5:00 PM|,"In-person delivery, Compounding, Durable medical equipment sales, Convenience packaging"
Brentwood Pharmacy,761 Suffolk Ave,631-273-3314,,Mon-Fri 9:00 AM-9:00 PM|Sat 9:00 AM-8:00 PM|Sun 9:00 AM-6:00 PM|,"In-person delivery, Compounding, Durable medical equipment sales, Immunization, Convenience packaging, Refill notifications"
Salu Med,1805 5th Ave,631-231-4960,//salumed.com,Mon-Fri 9:00 AM-9:00 PM|Sat 9:00 AM-8:00 PM|Sun 9:00 AM-6:00 PM|,"In-person delivery, Compounding, Drive-thru window, Durable medical equipment sales, 24-hour emergency service, Immunization, Refill notifications"
Vanco Pharmacy,30 Vanderbilt Motor Pkwy,631-499-1111,https://www.vancopharmacy.com/,Mon-Fri 9:00 AM-8:00 PM|Sat 9:00 AM-6:00 PM|Sun 9:00 AM-3:00 PM|,
King Kullen Pharmacy,552 Montauk Hwy,631-878-9030,//www.kingkullen.com,Mon-Fri 9:00 AM-9:00 PM|Sat 9:00 AM-6:30 PM|Sun 9:00 AM-5:00 PM|,"Compounding, Durable medical equipment sales, 24-hour emergency service, Immunization"
King Kullen Pharmacy,460 County Rd 111,631-399-0346,//www.kingkullen.com,Mon-Fri 9:00 AM-9:00 PM|Sat 9:00 AM-6:30 PM|Sun 9:00 AM-5:00 PM|,"Compounding, Durable medical equipment sales, 24-hour emergency service, Immunization"
Huntington Drugs,180 E Pulaski Rd,631-271-2271,,Mon-Thu 8:00 AM-7:00 PM|Fri 8:00 AM-6:00 PM|Sat 8:00 AM-1:00 PM|Sun 9:00 AM-11:30 AM|,"In-person delivery, Durable medical equipment sales, Refill notifications"
Family Care Pharmacy,33 Walt Whitman Rd Ste 100,631-350-6400,,Mon-Fri 10:00 AM-6:00 PM|Sat 10:00 AM-2:00 PM|,"In-person delivery, Convenience packaging, Refill notifications"
King Kullen Pharmacy,50 N New York Ave,631-385-7320,//www.kingkullen.com,Mon-Fri 9:00 AM-9:00 PM|Sat 9:00 AM-6:30 PM|Sun 9:00 AM-5:00 PM|,"Compounding, Durable medical equipment sales, 24-hour emergency service, Immunization"
Great Neck Chemists,69 Allen Blvd,516-482-0004,//www.greatneckchemists.com,Mon-Fri 9:00 AM-7:30 PM|Sat 9:00 AM-5:00 PM|Sun 10:00 AM-4:00 PM|,"In-person delivery, Compounding, Durable medical equipment sales, Immunization"
King Kullen Pharmacy,598 Stewart Ave,516-822-1738,//www.kingkullen.com,Mon-Fri 9:00 AM-9:00 PM|Sat 9:00 AM-6:30 PM|Sun 9:00 AM-5:00 PM|,"Compounding, Durable medical equipment sales, 24-hour emergency service, Immunization"
Jericho Pharmacy,340 Jericho Tpke,516-864-0020,,Mon-Fri 9:00 AM-7:00 PM|Sat 10:00 AM-5:00 PM|,"In-person delivery, Compounding, Durable medical equipment sales, Immunization, Refill notifications"
Syosset Pharmacy,"175 Jericho Tpke, West Lobby Suite",516-865-1151,//www.syossetpharmacy.com,Mon-Fri 8:30 AM-5:30 PM|Sat 9:00 AM-3:00 PM|,"In-person delivery, Immunization, Convenience packaging, Refill notifications"
Specialty Home Rx,575 Underhill Blvd Ste 110,516-921-1507,,Mon-Fri 9:00 AM-5:00 PM|,"In-person delivery, Compounding, Durable medical equipment sales, 24-hour emergency service, Convenience packaging, Refill notifications"
King Kullen Pharmacy,3284 Hempstead Tpke,516-579-2111,//www.kingkullen.com,Mon-Fri 9:00 AM-9:00 PM|Sat 9:00 AM-6:30 PM|Sun 9:00 AM-5:00 PM|,"Compounding, Durable medical equipment sales, 24-hour emergency service, Immunization"
Hancock Pharmacy,1407 Fairfield Ave,203-367-4571,http://www.hancockrx.com/,Mon-Fri 8:00 AM-7:00 PM|Sat 9:00 AM-4:00 PM|Sun 9:00 AM-2:00 PM|,"In-person delivery, Compounding, Durable medical equipment sales, Immunization, Convenience packaging"
Albion - Hancock Pharmacy,2125 Fairfield Ave,203-331-9200,,Mon-Fri 9:00 AM-6:00 PM|Sat 9:00 AM-1:00 PM|,"In-person delivery, Compounding, Durable medical equipment sales, Immunization, Convenience packaging, Refill notifications"
Hancock Pharmacy Ii,1020 Fairfield Ave,203-576-9000,,Mon 8:30 AM-6:30 PM|Tue 9:00 AM-6:30 PM|Wed 9:00 AM-7:30 PM|Thu-Fri 9:00 AM-6:30 PM|Sat 9:00 AM-2:00 PM|,"In-person delivery, Compounding, Durable medical equipment sales, Immunization, Convenience packaging, Refill notifications"
Main Street Pharmacy,2117 Boston Ave,203-212-3800,,Mon-Fri 9:00 AM-6:00 PM|Sat 9:00 AM-3:00 PM|,"In-person delivery, Compounding, Durable medical equipment sales, 24-hour emergency service, Immunization, Convenience packaging, Refill notifications"
Bridgeport Pharmacy,978 E Main St,203-367-9000,,Mon-Fri 8:30 AM-6:30 PM|Sat 9:00 AM-2:00 PM|,"In-person delivery, Durable medical equipment sales, Immunization, Convenience packaging, Refill notifications"
Meadow Drugs And Surgical,353 Newbridge Rd,516-785-0120,,Mon-Fri 9:00 AM-7:00 PM|Sat 9:00 AM-5:00 PM|Sun 9:00 AM-3:00 PM|,"In-person delivery, Durable medical equipment sales, Refill notifications"
Keezac Pharmacy,111 Bedford Ave,516-221-4022,,Mon-Fri 9:30 AM-6:00 PM|Sat 10:00 AM-3:00 PM|,"In-person delivery, Compounding, Durable medical equipment sales, Immunization, Convenience packaging, Refill notifications"
Colonial Druggists Inc,611 Post Rd E,203-227-9538,,Mon-Sat 9:00 AM-6:00 PM|,"In-person delivery, Durable medical equipment sales, 24-hour emergency service, Immunization, Convenience packaging, Refill notifications"
Precision Pharmacy,2640 Merrick Rd,516-785-4774,,Mon-Fri 9:00 AM-6:00 PM|Sat 9:00 AM-4:00 PM|Sun 10:00 AM-3:00 PM|,"In-person delivery, Durable medical equipment sales, Immunization, Convenience packaging, Refill notifications"
Hancock Pharmacy Iii,3768 Main St,203-372-9900,,Mon-Fri 9:00 AM-6:00 PM|Sat 9:00 AM-1:00 PM|,"In-person delivery, Compounding, Durable medical equipment sales, Refill notifications"
Carman Drugs,829b Carman Ave,516-333-4545,//www.carmandrugs.com,Mon-Fri 9:00 AM-6:00 PM|Sat 9:00 AM-5:00 PM|Sun 9:00 AM-2:00 PM|,"In-person delivery, Compounding, Immunization, Convenience packaging, Refill notifications"
Carman Drugs,570 Westbury Ave,516-333-2400,//carmandrugs.com,Mon-Fri 9:00 AM-6:00 PM|Sat 9:00 AM-5:00 PM|Sun 9:00 AM-2:00 PM|,"In-person delivery, Immunization"
Bernhards Pharmacy,34 W Merrick Rd,516-378-0008,,Mon-Fri 9:00 AM-7:00 PM|Sat 10:00 AM-4:00 PM|,"In-person delivery, Durable medical equipment sales, Refill notifications"
Greenvale Pharmacy,5 Northern Blvd,516-621-2260,//gvhomecare.com,Mon-Fri 9:00 AM-7:00 PM|Sat 9:00 AM-6:00 PM|Sun 9:00 AM-3:00 PM|,"In-person delivery, Compounding, Durable medical equipment sales, Immunization, Convenience packaging"
Slavins-Hancock Pharmacy,922 Washington Blvd,203-323-2161,,Mon-Fri 8:30 AM-6:30 PM|Sat 9:00 AM-1:00 PM|,"In-person delivery, Durable medical equipment sales, Convenience packaging, Refill notifications"
Connecticut Pharmacy,664 Main Ave Unit B101-102,203-939-1790,,Mon-Fri 8:30 AM-8:00 PM|Sat 9:00 AM-5:00 PM|Sun 9:00 AM-3:00 PM|,"In-person delivery, Compounding, Durable medical equipment sales, 24-hour emergency service, Immunization, Convenience packaging, Refill notifications"
Mineola Family Pharmacy Inc.,182 2nd St,516-427-5573,,Mon-Fri 8:00 AM-7:00 PM|Sat 9:00 AM-5:00 PM|,"In-person delivery, Compounding, Durable medical equipment sales, 24-hour emergency service, Immunization, Refill notifications"
West Haven Pharmacy,"764 Campbell Ave, Ste - A",203-934-7100,//westhavenpharmacy.com,Mon-Fri 9:00 AM-6:00 PM|Sat 9:00 AM-1:00 PM|,"In-person delivery, Compounding, Durable medical equipment sales, Refill notifications"
National Rx Pharmacy,300 Hempstead Tpke Unit 5,516-539-7540,,Mon-Fri 10:00 AM-7:00 PM|Sat 10:00 AM-5:00 PM|,"In-person delivery, Compounding, Durable medical equipment sales, Immunization"
Hempstead Chemists,342 Hempstead Ave,516-265-1200,,Mon-Thu 9:30 AM-6:30 PM|Fri 9:30 AM-2:00 PM|,"In-person delivery, Compounding, Convenience packaging"
King Kullen Pharmacy,31525 Main Rd,631-734-7733,//www.kingkullen.com,Mon-Thu 9:00 AM-7:00 PM|Fri 9:00 AM-9:00 PM|Sat-Sun 9:00 AM-5:00 PM|,"Compounding, Durable medical equipment sales, 24-hour emergency service, Immunization"
Twin Parks Pharmacy And Surgicals,2226 Jericho Tpke,516-873-8600,,Mon-Fri 9:00 AM-8:00 PM|Sat 9:00 AM-5:00 PM|,"In-person delivery, Durable medical equipment sales, Convenience packaging, Refill notifications"
Americare Compounding,319 Nassau Blvd,516-292-5141,,Mon-Fri 9:00 AM-5:00 PM|,"In-person delivery, Compounding, Convenience packaging"
Salem Drugs,"475 Port Washington Blvd, Unit 8a, Unit 8a",516-944-8668,,Mon-Fri 9:00 AM-7:00 PM|Sat 9:00 AM-6:00 PM|Sun 9:00 AM-5:00 PM|,"In-person delivery, Compounding, Durable medical equipment sales, Immunization"
Rockville Centre Pharmacy,"30 Hempstead Ave, Ste 156",516-764-6161,//rcpharmacy.com,Mon-Fri 9:00 AM-8:00 PM|Sat 9:00 AM-5:00 PM|,"In-person delivery, Compounding, Durable medical equipment sales, 24-hour emergency service, Immunization, Convenience packaging"
Holbrook Pharmacy & Surgical,233 Union Ave,631-585-7092,,Mon-Fri 9:00 AM-6:00 PM|Sat 9:00 AM-2:00 PM|,"Compounding, Durable medical equipment sales"
King Kullen Pharmacy,440 Sunrise Hwy,631-758-8292,,Mon-Fri 8:30 AM-9:00 PM|Sat 9:00 AM-6:30 PM|Sun 9:00 AM-5:00 PM|,"Compounding, 24-hour emergency service, Immunization"
Quality Pharmacy,249 Middle Country Rd,631-732-7373,,Mon-Fri 9:00 AM-7:00 PM|Sat 9:00 AM-5:00 PM|,"In-person delivery, Durable medical equipment sales, 24-hour emergency service, Refill notifications"
Lighthouse Pharmacy,747 Montauk Hwy,631-654-2444,//www.mylighthousepharmacy.com,Mon-Fri 9:30 AM-6:30 PM|Sat 10:00 AM-3:00 PM|,"In-person delivery, Compounding, Durable medical equipment sales, Convenience packaging"
Prescription Centre & Surgicals,35h Middle Country Rd H,631-698-2868,,Mon-Fri 9:00 AM-8:00 PM|Sat 9:00 AM-5:00 PM|Sun 10:00 AM-3:00 PM|,"In-person delivery, Compounding, Durable medical equipment sales"
Rely Rx Inc.,731 Middle Country Rd,631-656-8900,//www.relyrx.com,Mon-Fri 9:00 AM-7:00 PM|Sat 10:00 AM-2:00 PM|,"In-person delivery, Durable medical equipment sales, Immunization, Convenience packaging"
Raan Pharmacy,48 Lowell Ave,631-581-4285,//www.raanpharmacy.com,Mon-Fri 9:00 AM-6:00 PM|Sat 9:00 AM-2:00 PM|,"Compounding, Durable medical equipment sales, Immunization"
Heritage Chemists Pharmacy,150 Route 25a,631-509-4545,//heritagechemists.com,Mon-Fri 9:00 AM-7:00 PM|Sat 9:00 AM-5:00 PM|,"In-person delivery, Compounding, Durable medical equipment sales, Immunization, Refill notifications"
Echo Pharmacy,56 Echo Ave,631-642-8175,,Mon-Fri 9:00 AM-6:00 PM|Sat 9:00 AM-3:00 PM|,"In-person delivery, Compounding, Durable medical equipment sales, Immunization"
Shirley Pharmacy And Surgicals,60 Northern Blvd Store#4,631-281-8101,,Mon-Fri 9:00 AM-8:00 PM|Sat 9:00 AM-5:00 PM|,"In-person delivery, Compounding, Durable medical equipment sales, Refill notifications"
Islip Pharmacy And Surgical,437 Main St,631-581-8077,//www.islippharmacy.com,Mon-Fri 9:00 AM-8:00 PM|Sat 9:00 AM-5:00 PM|,"In-person delivery, Compounding, Durable medical equipment sales, Convenience packaging"
Brentwood Pharmacy,761 Suffolk Ave,631-273-3314,,Mon-Fri 9:00 AM-9:00 PM|Sat 9:00 AM-8:00 PM|Sun 9:00 AM-6:00 PM|,"In-person delivery, Compounding, Durable medical equipment sales, Immunization, Convenience packaging, Refill notifications"
Salu Med,1805 5th Ave,631-231-4960,//salumed.com,Mon-Fri 9:00 AM-9:00 PM|Sat 9:00 AM-8:00 PM|Sun 9:00 AM-6:00 PM|,"In-person delivery, Compounding, Drive-thru window, Durable medical equipment sales, 24-hour emergency service, Immunization, Refill notifications"
Vanco Pharmacy,30 Vanderbilt Motor Pkwy,631-499-1111,https://www.vancopharmacy.com/,Mon-Fri 9:00 AM-8:00 PM|Sat 9:00 AM-6:00 PM|Sun 9:00 AM-3:00 PM|,
King Kullen Pharmacy,552 Montauk Hwy,631-878-9030,//www.kingkullen.com,Mon-Fri 9:00 AM-9:00 PM|Sat 9:00 AM-6:30 PM|Sun 9:00 AM-5:00 PM|,"Compounding, Durable medical equipment sales, 24-hour emergency service, Immunization"
King Kullen Pharmacy,460 County Rd 111,631-399-0346,//www.kingkullen.com,Mon-Fri 9:00 AM-9:00 PM|Sat 9:00 AM-6:30 PM|Sun 9:00 AM-5:00 PM|,"Compounding, Durable medical equipment sales, 24-hour emergency service, Immunization"
Huntington Drugs,180 E Pulaski Rd,631-271-2271,,Mon-Thu 8:00 AM-7:00 PM|Fri 8:00 AM-6:00 PM|Sat 8:00 AM-1:00 PM|Sun 9:00 AM-11:30 AM|,"In-person delivery, Durable medical equipment sales, Refill notifications"
Family Care Pharmacy,33 Walt Whitman Rd Ste 100,631-350-6400,,Mon-Fri 10:00 AM-6:00 PM|Sat 10:00 AM-2:00 PM|,"In-person delivery, Convenience packaging, Refill notifications"
King Kullen Pharmacy,50 N New York Ave,631-385-7320,//www.kingkullen.com,Mon-Fri 9:00 AM-9:00 PM|Sat 9:00 AM-6:30 PM|Sun 9:00 AM-5:00 PM|,"Compounding, Durable medical equipment sales, 24-hour emergency service, Immunization"
Great Neck Chemists,69 Allen Blvd,516-482-0004,//www.greatneckchemists.com,Mon-Fri 9:00 AM-7:30 PM|Sat 9:00 AM-5:00 PM|Sun 10:00 AM-4:00 PM|,"In-person delivery, Compounding, Durable medical equipment sales, Immunization"
King Kullen Pharmacy,598 Stewart Ave,516-822-1738,//www.kingkullen.com,Mon-Fri 9:00 AM-9:00 PM|Sat 9:00 AM-6:30 PM|Sun 9:00 AM-5:00 PM|,"Compounding, Durable medical equipment sales, 24-hour emergency service, Immunization"
Jericho Pharmacy,340 Jericho Tpke,516-864-0020,,Mon-Fri 9:00 AM-7:00 PM|Sat 10:00 AM-5:00 PM|,"In-person delivery, Compounding, Durable medical equipment sales, Immunization, Refill notifications"
Syosset Pharmacy,"175 Jericho Tpke, West Lobby Suite",516-865-1151,//www.syossetpharmacy.com,Mon-Fri 8:30 AM-5:30 PM|Sat 9:00 AM-3:00 PM|,"In-person delivery, Immunization, Convenience packaging, Refill notifications"
Specialty Home Rx,575 Underhill Blvd Ste 110,516-921-1507,,Mon-Fri 9:00 AM-5:00 PM|,"In-person delivery, Compounding, Durable medical equipment sales, 24-hour emergency service, Convenience packaging, Refill notifications"
King Kullen Pharmacy,3284 Hempstead Tpke,516-579-2111,//www.kingkullen.com,Mon-Fri 9:00 AM-9:00 PM|Sat 9:00 AM-6:30 PM|Sun 9:00 AM-5:00 PM|,"Compounding, Durable medical equipment sales, 24-hour emergency service, Immunization"
Hancock Pharmacy,1407 Fairfield Ave,203-367-4571,http://www.hancockrx.com/,Mon-Fri 8:00 AM-7:00 PM|Sat 9:00 AM-4:00 PM|Sun 9:00 AM-2:00 PM|,"In-person delivery, Compounding, Durable medical equipment sales, Immunization, Convenience packaging"
Albion - Hancock Pharmacy,2125 Fairfield Ave,203-331-9200,,Mon-Fri 9:00 AM-6:00 PM|Sat 9:00 AM-1:00 PM|,"In-person delivery, Compounding, Durable medical equipment sales, Immunization, Convenience packaging, Refill notifications"
Hancock Pharmacy Ii,1020 Fairfield Ave,203-576-9000,,Mon 8:30 AM-6:30 PM|Tue 9:00 AM-6:30 PM|Wed 9:00 AM-7:30 PM|Thu-Fri 9:00 AM-6:30 PM|Sat 9:00 AM-2:00 PM|,"In-person delivery, Compounding, Durable medical equipment sales, Immunization, Convenience packaging, Refill notifications"
Main Street Pharmacy,2117 Boston Ave,203-212-3800,,Mon-Fri 9:00 AM-6:00 PM|Sat 9:00 AM-3:00 PM|,"In-person delivery, Compounding, Durable medical equipment sales, 24-hour emergency service, Immunization, Convenience packaging, Refill notifications"
Bridgeport Pharmacy,978 E Main St,203-367-9000,,Mon-Fri 8:30 AM-6:30 PM|Sat 9:00 AM-2:00 PM|,"In-person delivery, Durable medical equipment sales, Immunization, Convenience packaging, Refill notifications"
Meadow Drugs And Surgical,353 Newbridge Rd,516-785-0120,,Mon-Fri 9:00 AM-7:00 PM|Sat 9:00 AM-5:00 PM|Sun 9:00 AM-3:00 PM|,"In-person delivery, Durable medical equipment sales, Refill notifications"
Keezac Pharmacy,111 Bedford Ave,516-221-4022,,Mon-Fri 9:30 AM-6:00 PM|Sat 10:00 AM-3:00 PM|,"In-person delivery, Compounding, Durable medical equipment sales, Immunization, Convenience packaging, Refill notifications"
Precision Pharmacy,2640 Merrick Rd,516-785-4774,,Mon-Fri 9:00 AM-6:00 PM|Sat 9:00 AM-4:00 PM|Sun 10:00 AM-3:00 PM|,"In-person delivery, Durable medical equipment sales, Immunization, Convenience packaging, Refill notifications"
Colonial Druggists Inc,611 Post Rd E,203-227-9538,,Mon-Sat 9:00 AM-6:00 PM|,"In-person delivery, Durable medical equipment sales, 24-hour emergency service, Immunization, Convenience packaging, Refill notifications"
Hancock Pharmacy Iii,3768 Main St,203-372-9900,,Mon-Fri 9:00 AM-6:00 PM|Sat 9:00 AM-1:00 PM|,"In-person delivery, Compounding, Durable medical equipment sales, Refill notifications"
Carman Drugs,829b Carman Ave,516-333-4545,//www.carmandrugs.com,Mon-Fri 9:00 AM-6:00 PM|Sat 9:00 AM-5:00 PM|Sun 9:00 AM-2:00 PM|,"In-person delivery, Compounding, Immunization, Convenience packaging, Refill notifications"
Carman Drugs,570 Westbury Ave,516-333-2400,//carmandrugs.com,Mon-Fri 9:00 AM-6:00 PM|Sat 9:00 AM-5:00 PM|Sun 9:00 AM-2:00 PM|,"In-person delivery, Immunization"
Bernhards Pharmacy,34 W Merrick Rd,516-378-0008,,Mon-Fri 9:00 AM-7:00 PM|Sat 10:00 AM-4:00 PM|,"In-person delivery, Durable medical equipment sales, Refill notifications"
Greenvale Pharmacy,5 Northern Blvd,516-621-2260,//gvhomecare.com,Mon-Fri 9:00 AM-7:00 PM|Sat 9:00 AM-6:00 PM|Sun 9:00 AM-3:00 PM|,"In-person delivery, Compounding, Durable medical equipment sales, Immunization, Convenience packaging"
Slavins-Hancock Pharmacy,922 Washington Blvd,203-323-2161,,Mon-Fri 8:30 AM-6:30 PM|Sat 9:00 AM-1:00 PM|,"In-person delivery, Durable medical equipment sales, Convenience packaging, Refill notifications"
Connecticut Pharmacy,664 Main Ave Unit B101-102,203-939-1790,,Mon-Fri 8:30 AM-8:00 PM|Sat 9:00 AM-5:00 PM|Sun 9:00 AM-3:00 PM|,"In-person delivery, Compounding, Durable medical equipment sales, 24-hour emergency service, Immunization, Convenience packaging, Refill notifications"
Mineola Family Pharmacy Inc.,182 2nd St,516-427-5573,,Mon-Fri 8:00 AM-7:00 PM|Sat 9:00 AM-5:00 PM|,"In-person delivery, Compounding, Durable medical equipment sales, 24-hour emergency service, Immunization, Refill notifications"
National Rx Pharmacy,300 Hempstead Tpke Unit 5,516-539-7540,,Mon-Fri 10:00 AM-7:00 PM|Sat 10:00 AM-5:00 PM|,"In-person delivery, Compounding, Durable medical equipment sales, Immunization"
Hempstead Chemists,342 Hempstead Ave,516-265-1200,,Mon-Thu 9:30 AM-6:30 PM|Fri 9:30 AM-2:00 PM|,"In-person delivery, Compounding, Convenience packaging"
West Haven Pharmacy,"764 Campbell Ave, Ste - A",203-934-7100,//westhavenpharmacy.com,Mon-Fri 9:00 AM-6:00 PM|Sat 9:00 AM-1:00 PM|,"In-person delivery, Compounding, Durable medical equipment sales, Refill notifications"
Twin Parks Pharmacy And Surgicals,2226 Jericho Tpke,516-873-8600,,Mon-Fri 9:00 AM-8:00 PM|Sat 9:00 AM-5:00 PM|,"In-person delivery, Durable medical equipment sales, Convenience packaging, Refill notifications"
Americare Compounding,319 Nassau Blvd,516-292-5141,,Mon-Fri 9:00 AM-5:00 PM|,"In-person delivery, Compounding, Convenience packaging"
King Kullen Pharmacy,31525 Main Rd,631-734-7733,//www.kingkullen.com,Mon-Thu 9:00 AM-7:00 PM|Fri 9:00 AM-9:00 PM|Sat-Sun 9:00 AM-5:00 PM|,"Compounding, Durable medical equipment sales, 24-hour emergency service, Immunization"
Salem Drugs,"475 Port Washington Blvd, Unit 8a, Unit 8a",516-944-8668,,Mon-Fri 9:00 AM-7:00 PM|Sat 9:00 AM-6:00 PM|Sun 9:00 AM-5:00 PM|,"In-person delivery, Compounding, Durable medical equipment sales, Immunization"
Rockville Centre Pharmacy,"30 Hempstead Ave, Ste 156",516-764-6161,//rcpharmacy.com,Mon-Fri 9:00 AM-8:00 PM|Sat 9:00 AM-5:00 PM|,"In-person delivery, Compounding, Durable medical equipment sales, 24-hour emergency service, Immunization, Convenience packaging"
Farmacia La Aurora,"Bo Diego Hernandez Carr 128, Km 3.3",787-856-0023,//www.farmacialaaurora.com,Mon-Fri 7:00 AM-6:00 PM|Sat 8:00 AM-3:00 PM|,"In-person delivery, Compounding, Durable medical equipment sales, Immunization, Refill notifications"
Farmacia La Concepcion,9 Calle Comercio,787-856-0233,,Mon-Fri 8:00 AM-6:00 PM|Sat 8:00 AM-4:30 PM|,"In-person delivery, Compounding, Durable medical equipment sales, 24-hour emergency service, Immunization, Convenience packaging, Refill notifications"
Farmacia Villalba,"Carr 149 Km 56.7, Sector Tierra Santa",787-847-8600,,Mon-Sat 7:00 AM-7:30 PM|Sun 9:00 AM-5:00 PM|,"In-person delivery, Compounding, Durable medical equipment sales, Immunization, Convenience packaging, Refill notifications"
Farmacia Sagrado Corazon Express Corp,"Ed Dora Paganelli Local 2, Ave Vicente Quilinchini",787-873-7676,,Mon-Sat 7:00 AM-8:00 PM|,"In-person delivery, Convenience packaging, Refill notifications"
Super Farmacia Nelia Inc,16 Fco Ma Quinones,787-873-0198,,Mon-Fri 7:00 AM-9:00 PM|Sat 8:00 AM-9:00 PM|Sun 10:00 AM-5:00 PM|,"In-person delivery, Immunization, Convenience packaging"
Farmacia La Caridad,Carr 140 Km 52 5,787-822-2749,,Mon-Sat 8:00 AM-10:00 PM|Sun 10:00 AM-9:00 PM|,Refill notifications
Farmacia Loryan,32 Calle 25 De Julio Esq. Buenaventura Quinones,787-821-3131,,Mon-Fri 8:00 AM-6:00 PM|Sat 8:00 AM-5:00 PM|,"In-person delivery, Durable medical equipment sales, Immunization, Refill notifications"
Farmacia Lechuga,Rd 130 Km 4 9,787-898-5730,,Mon-Fri 7:30 AM-8:00 PM|Sat 8:00 AM-8:00 PM|Sun 9:00 AM-5:00 PM|,"In-person delivery, Compounding, Durable medical equipment sales, Immunization, Convenience packaging, Refill notifications"
Farmacia Del Carmen,259 Ave Juan Rosado,787-878-3510,,Mon-Sat 8:00 AM-9:00 PM|Sun 10:00 AM-6:00 PM|,"In-person delivery, Compounding, Durable medical equipment sales, Convenience packaging, Refill notifications"
Farmacia Del Pozo,"Rd 149 Km 2.8 Int 668, Bda Cordova Davila",787-854-2041,//www.farmaciadelpozo.com,Mon-Sat 8:00 AM-9:00 PM|,"In-person delivery, Compounding, Durable medical equipment sales, Refill notifications"
Farmacia Guayanes,"Edificio Aurora A -1, Calle Pedro Velazquez Diaz # 628",787-836-3131,,Mon-Sat 8:00 AM-6:00 PM|,"In-person delivery, Compounding, Convenience packaging, Refill notifications"
Super Farmacia Familiar,Carr 64 Km 3 4,787-265-5910,,Mon-Sat 8:00 AM-9:30 PM|,"Durable medical equipment sales, Immunization, Refill notifications"
Farmacia Castro Inc,Bo Playa J 31,787-824-5355,,Mon-Sat 8:00 AM-7:00 PM|,"In-person delivery, Compounding, Durable medical equipment sales, Refill notifications"
Farmacia Lago Vista Inc,"Ave Blvd 3386 Levittown, Paseo Carmen 3385-86",787-784-4585,,Mon-Fri 7:00 AM-9:00 PM|Sat 8:00 AM-8:00 PM|,"In-person delivery, Immunization, Convenience packaging, Refill notifications"
"Santa Cruz Pharma Care, Llc","73 Calle Santa Cruz, Santa Cruz Medical Building, 101",787-798-4646,,Mon-Fri 7:30 AM-6:00 PM|,"Compounding, Durable medical equipment sales, Immunization, Refill notifications"
Farmacia San Antonio,Calle Rafael Lasa 31,787-732-3131,,Mon-Fri 7:00 AM-5:30 PM|Sat 7:30 AM-4:00 PM|,"In-person delivery, Durable medical equipment sales"
Farmacia La Monserrate,34 Calle Munoz Rivera,787-732-7744,,Mon-Fri 7:30 AM-6:00 PM|Sat 8:00 AM-6:00 PM|,"In-person delivery, Convenience packaging, Refill notifications"
Farmacia Reyes,1320 San Alfonso Ave,787-782-6403,//www.farmaciareyes3.com,Mon-Fri 7:00 AM-8:00 PM|Sat 8:00 AM-8:00 PM|Sun 9:00 AM-6:00 PM|,"In-person delivery, Compounding, Drive-thru window, Durable medical equipment sales, Convenience packaging, Refill notifications"
Su Farmacia Amiga Inc.,Ave Las Americas Bu-1 Res Bairoa,787-743-6434,,Mon-Fri 7:00 AM-9:00 PM|Sat 8:00 AM-9:00 PM|Sun 9:00 AM-6:00 PM|,"In-person delivery, Compounding, Refill notifications"
Farmacia Reyes,"1689 Calle Parana Ste 3, Centro Comercial Rio Piedras Heights",787-764-2899,,Mon-Sat 8:00 AM-8:30 PM|Sun 9:00 AM-6:00 PM|,"In-person delivery, Drive-thru window, Durable medical equipment sales, Immunization, Refill notifications"
San Rafael Specialty Pharmacy,851 Calle Lafayette,787-724-3307,//sanrafaelfarmacia.com,Mon-Fri 8:00 AM-6:00 PM|,"In-person delivery, Compounding, 24-hour emergency service, Refill notifications"
Super Farmacia Familiar,Carr 64 Km 3 4,787-265-5910,,Mon-Sat 8:00 AM-9:30 PM|,"Durable medical equipment sales, Immunization, Refill notifications"
Farmacia Sagrado Corazon Express Corp,"Ed Dora Paganelli Local 2, Ave Vicente Quilinchini",787-873-7676,,Mon-Sat 7:00 AM-8:00 PM|,"In-person delivery, Convenience packaging, Refill notifications"
Super Farmacia Nelia Inc,16 Fco Ma Quinones,787-873-0198,,Mon-Fri 7:00 AM-9:00 PM|Sat 8:00 AM-9:00 PM|Sun 10:00 AM-5:00 PM|,"In-person delivery, Immunization, Convenience packaging"
Farmacia Lechuga,Rd 130 Km 4 9,787-898-5730,,Mon-Fri 7:30 AM-8:00 PM|Sat 8:00 AM-8:00 PM|Sun 9:00 AM-5:00 PM|,"In-person delivery, Compounding, Durable medical equipment sales, Immunization, Convenience packaging, Refill notifications"
Farmacia Del Carmen,259 Ave Juan Rosado,787-878-3510,,Mon-Sat 8:00 AM-9:00 PM|Sun 10:00 AM-6:00 PM|,"In-person delivery, Compounding, Durable medical equipment sales, Convenience packaging, Refill notifications"
Farmacia La Aurora,"Bo Diego Hernandez Carr 128, Km 3.3",787-856-0023,//www.farmacialaaurora.com,Mon-Fri 7:00 AM-6:00 PM|Sat 8:00 AM-3:00 PM|,"In-person delivery, Compounding, Durable medical equipment sales, Immunization, Refill notifications"
Farmacia La Concepcion,9 Calle Comercio,787-856-0233,,Mon-Fri 8:00 AM-6:00 PM|Sat 8:00 AM-4:30 PM|,"In-person delivery, Compounding, Durable medical equipment sales, 24-hour emergency service, Immunization, Convenience packaging, Refill notifications"
Farmacia Loryan,32 Calle 25 De Julio Esq. Buenaventura Quinones,787-821-3131,,Mon-Fri 8:00 AM-6:00 PM|Sat 8:00 AM-5:00 PM|,"In-person delivery, Durable medical equipment sales, Immunization, Refill notifications"
Farmacia La Caridad,Carr 140 Km 52 5,787-822-2749,,Mon-Sat 8:00 AM-10:00 PM|Sun 10:00 AM-9:00 PM|,Refill notifications
Farmacia Del Pozo,"Rd 149 Km 2.8 Int 668, Bda Cordova Davila",787-854-2041,//www.farmaciadelpozo.com,Mon-Sat 8:00 AM-9:00 PM|,"In-person delivery, Compounding, Durable medical equipment sales, Refill notifications"
Farmacia Villalba,"Carr 149 Km 56.7, Sector Tierra Santa",787-847-8600,,Mon-Sat 7:00 AM-7:30 PM|Sun 9:00 AM-5:00 PM|,"In-person delivery, Compounding, Durable medical equipment sales, Immunization, Convenience packaging, Refill notifications"
Super Farmacia Familiar,Carr 64 Km 3 4,787-265-5910,,Mon-Sat 8:00 AM-9:30 PM|,"Durable medical equipment sales, Immunization, Refill notifications"
Farmacia Lechuga,Rd 130 Km 4 9,787-898-5730,,Mon-Fri 7:30 AM-8:00 PM|Sat 8:00 AM-8:00 PM|Sun 9:00 AM-5:00 PM|,"In-person delivery, Compounding, Durable medical equipment sales, Immunization, Convenience packaging, Refill notifications"
Farmacia Sagrado Corazon Express Corp,"Ed Dora Paganelli Local 2, Ave Vicente Quilinchini",787-873-7676,,Mon-Sat 7:00 AM-8:00 PM|,"In-person delivery, Convenience packaging, Refill notifications"
Super Farmacia Nelia Inc,16 Fco Ma Quinones,787-873-0198,,Mon-Fri 7:00 AM-9:00 PM|Sat 8:00 AM-9:00 PM|Sun 10:00 AM-5:00 PM|,"In-person delivery, Immunization, Convenience packaging"
Farmacia Del Carmen,259 Ave Juan Rosado,787-878-3510,,Mon-Sat 8:00 AM-9:00 PM|Sun 10:00 AM-6:00 PM|,"In-person delivery, Compounding, Durable medical equipment sales, Convenience packaging, Refill notifications"
Farmacia La Aurora,"Bo Diego Hernandez Carr 128, Km 3.3",787-856-0023,//www.farmacialaaurora.com,Mon-Fri 7:00 AM-6:00 PM|Sat 8:00 AM-3:00 PM|,"In-person delivery, Compounding, Durable medical equipment sales, Immunization, Refill notifications"
Farmacia La Concepcion,9 Calle Comercio,787-856-0233,,Mon-Fri 8:00 AM-6:00 PM|Sat 8:00 AM-4:30 PM|,"In-person delivery, Compounding, Durable medical equipment sales, 24-hour emergency service, Immunization, Convenience packaging, Refill notifications"
Farmacia Loryan,32 Calle 25 De Julio Esq. Buenaventura Quinones,787-821-3131,,Mon-Fri 8:00 AM-6:00 PM|Sat 8:00 AM-5:00 PM|,"In-person delivery, Durable medical equipment sales, Immunization, Refill notifications"
Farmacia La Caridad,Carr 140 Km 52 5,787-822-2749,,Mon-Sat 8:00 AM-10:00 PM|Sun 10:00 AM-9:00 PM|,Refill notifications
Farmacia Del Pozo,"Rd 149 Km 2.8 Int 668, Bda Cordova Davila",787-854-2041,//www.farmaciadelpozo.com,Mon-Sat 8:00 AM-9:00 PM|,"In-person delivery, Compounding, Durable medical equipment sales, Refill notifications"
Farmacia Villalba,"Carr 149 Km 56.7, Sector Tierra Santa",787-847-8600,,Mon-Sat 7:00 AM-7:30 PM|Sun 9:00 AM-5:00 PM|,"In-person delivery, Compounding, Durable medical equipment sales, Immunization, Convenience packaging, Refill notifications"
Super Farmacia Familiar,Carr 64 Km 3 4,787-265-5910,,Mon-Sat 8:00 AM-9:30 PM|,"Durable medical equipment sales, Immunization, Refill notifications"
Farmacia Lechuga,Rd 130 Km 4 9,787-898-5730,,Mon-Fri 7:30 AM-8:00 PM|Sat 8:00 AM-8:00 PM|Sun 9:00 AM-5:00 PM|,"In-person delivery, Compounding, Durable medical equipment sales, Immunization, Convenience packaging, Refill notifications"
Farmacia Del Carmen,259 Ave Juan Rosado,787-878-3510,,Mon-Sat 8:00 AM-9:00 PM|Sun 10:00 AM-6:00 PM|,"In-person delivery, Compounding, Durable medical equipment sales, Convenience packaging, Refill notifications"
Farmacia Sagrado Corazon Express Corp,"Ed Dora Paganelli Local 2, Ave Vicente Quilinchini",787-873-7676,,Mon-Sat 7:00 AM-8:00 PM|,"In-person delivery, Convenience packaging, Refill notifications"
Super Farmacia Nelia Inc,16 Fco Ma Quinones,787-873-0198,,Mon-Fri 7:00 AM-9:00 PM|Sat 8:00 AM-9:00 PM|Sun 10:00 AM-5:00 PM|,"In-person delivery, Immunization, Convenience packaging"
Farmacia La Aurora,"Bo Diego Hernandez Carr 128, Km 3.3",787-856-0023,//www.farmacialaaurora.com,Mon-Fri 7:00 AM-6:00 PM|Sat 8:00 AM-3:00 PM|,"In-person delivery, Compounding, Durable medical equipment sales, Immunization, Refill notifications"
Farmacia La Concepcion,9 Calle Comercio,787-856-0233,,Mon-Fri 8:00 AM-6:00 PM|Sat 8:00 AM-4:30 PM|,"In-person delivery, Compounding, Durable medical equipment sales, 24-hour emergency service, Immunization, Convenience packaging, Refill notifications"
Farmacia La Caridad,Carr 140 Km 52 5,787-822-2749,,Mon-Sat 8:00 AM-10:00 PM|Sun 10:00 AM-9:00 PM|,Refill notifications
Farmacia Loryan,32 Calle 25 De Julio Esq. Buenaventura Quinones,787-821-3131,,Mon-Fri 8:00 AM-6:00 PM|Sat 8:00 AM-5:00 PM|,"In-person delivery, Durable medical equipment sales, Immunization, Refill notifications"
Farmacia Del Pozo,"Rd 149 Km 2.8 Int 668, Bda Cordova Davila",787-854-2041,//www.farmaciadelpozo.com,Mon-Sat 8:00 AM-9:00 PM|,"In-person delivery, Compounding, Durable medical equipment sales, Refill notifications"
Farmacia Villalba,"Carr 149 Km 56.7, Sector Tierra Santa",787-847-8600,,Mon-Sat 7:00 AM-7:30 PM|Sun 9:00 AM-5:00 PM|,"In-person delivery, Compounding, Durable medical equipment sales, Immunization, Convenience packaging, Refill notifications"
Super Farmacia Familiar,Carr 64 Km 3 4,787-265-5910,,Mon-Sat 8:00 AM-9:30 PM|,"Durable medical equipment sales, Immunization, Refill notifications"
Farmacia Lechuga,Rd 130 Km 4 9,787-898-5730,,Mon-Fri 7:30 AM-8:00 PM|Sat 8:00 AM-8:00 PM|Sun 9:00 AM-5:00 PM|,"In-person delivery, Compounding, Durable medical equipment sales, Immunization, Convenience packaging, Refill notifications"
Farmacia Sagrado Corazon Express Corp,"Ed Dora Paganelli Local 2, Ave Vicente Quilinchini",787-873-7676,,Mon-Sat 7:00 AM-8:00 PM|,"In-person delivery, Convenience packaging, Refill notifications"
Super Farmacia Nelia Inc,16 Fco Ma Quinones,787-873-0198,,Mon-Fri 7:00 AM-9:00 PM|Sat 8:00 AM-9:00 PM|Sun 10:00 AM-5:00 PM|,"In-person delivery, Immunization, Convenience packaging"
Farmacia Del Carmen,259 Ave Juan Rosado,787-878-3510,,Mon-Sat 8:00 AM-9:00 PM|Sun 10:00 AM-6:00 PM|,"In-person delivery, Compounding, Durable medical equipment sales, Convenience packaging, Refill notifications"
Farmacia La Aurora,"Bo Diego Hernandez Carr 128, Km 3.3",787-856-0023,//www.farmacialaaurora.com,Mon-Fri 7:00 AM-6:00 PM|Sat 8:00 AM-3:00 PM|,"In-person delivery, Compounding, Durable medical equipment sales, Immunization, Refill notifications"
Farmacia La Concepcion,9 Calle Comercio,787-856-0233,,Mon-Fri 8:00 AM-6:00 PM|Sat 8:00 AM-4:30 PM|,"In-person delivery, Compounding, Durable medical equipment sales, 24-hour emergency service, Immunization, Convenience packaging, Refill notifications"
Farmacia Loryan,32 Calle 25 De Julio Esq. Buenaventura Quinones,787-821-3131,,Mon-Fri 8:00 AM-6:00 PM|Sat 8:00 AM-5:00 PM|,"In-person delivery, Durable medical equipment sales, Immunization, Refill notifications"
Farmacia La Caridad,Carr 140 Km 52 5,787-822-2749,,Mon-Sat 8:00 AM-10:00 PM|Sun 10:00 AM-9:00 PM|,Refill notifications
Farmacia Del Pozo,"Rd 149 Km 2.8 Int 668, Bda Cordova Davila",787-854-2041,//www.farmaciadelpozo.com,Mon-Sat 8:00 AM-9:00 PM|,"In-person delivery, Compounding, Durable medical equipment sales, Refill notifications"
Farmacia Villalba,"Carr 149 Km 56.7, Sector Tierra Santa",787-847-8600,,Mon-Sat 7:00 AM-7:30 PM|Sun 9:00 AM-5:00 PM|,"In-person delivery, Compounding, Durable medical equipment sales, Immunization, Convenience packaging, Refill notifications"
Farmacia Sagrado Corazon Express Corp,"Ed Dora Paganelli Local 2, Ave Vicente Quilinchini",787-873-7676,,Mon-Sat 7:00 AM-8:00 PM|,"In-person delivery, Convenience packaging, Refill notifications"
Super Farmacia Nelia Inc,16 Fco Ma Quinones,787-873-0198,,Mon-Fri 7:00 AM-9:00 PM|Sat 8:00 AM-9:00 PM|Sun 10:00 AM-5:00 PM|,"In-person delivery, Immunization, Convenience packaging"
Super Farmacia Familiar,Carr 64 Km 3 4,787-265-5910,,Mon-Sat 8:00 AM-9:30 PM|,"Durable medical equipment sales, Immunization, Refill notifications"
Farmacia La Aurora,"Bo Diego Hernandez Carr 128, Km 3.3",787-856-0023,//www.farmacialaaurora.com,Mon-Fri 7:00 AM-6:00 PM|Sat 8:00 AM-3:00 PM|,"In-person delivery, Compounding, Durable medical equipment sales, Immunization, Refill notifications"
Farmacia La Concepcion,9 Calle Comercio,787-856-0233,,Mon-Fri 8:00 AM-6:00 PM|Sat 8:00 AM-4:30 PM|,"In-person delivery, Compounding, Durable medical equipment sales, 24-hour emergency service, Immunization, Convenience packaging, Refill notifications"
Farmacia Loryan,32 Calle 25 De Julio Esq. Buenaventura Quinones,787-821-3131,,Mon-Fri 8:00 AM-6:00 PM|Sat 8:00 AM-5:00 PM|,"In-person delivery, Durable medical equipment sales, Immunization, Refill notifications"
Farmacia Lechuga,Rd 130 Km 4 9,787-898-5730,,Mon-Fri 7:30 AM-8:00 PM|Sat 8:00 AM-8:00 PM|Sun 9:00 AM-5:00 PM|,"In-person delivery, Compounding, Durable medical equipment sales, Immunization, Convenience packaging, Refill notifications"
Farmacia Del Carmen,259 Ave Juan Rosado,787-878-3510,,Mon-Sat 8:00 AM-9:00 PM|Sun 10:00 AM-6:00 PM|,"In-person delivery, Compounding, Durable medical equipment sales, Convenience packaging, Refill notifications"
Farmacia La Caridad,Carr 140 Km 52 5,787-822-2749,,Mon-Sat 8:00 AM-10:00 PM|Sun 10:00 AM-9:00 PM|,Refill notifications
Farmacia Villalba,"Carr 149 Km 56.7, Sector Tierra Santa",787-847-8600,,Mon-Sat 7:00 AM-7:30 PM|Sun 9:00 AM-5:00 PM|,"In-person delivery, Compounding, Durable medical equipment sales, Immunization, Convenience packaging, Refill notifications"
Farmacia Del Pozo,"Rd 149 Km 2.8 Int 668, Bda Cordova Davila",787-854-2041,//www.farmaciadelpozo.com,Mon-Sat 8:00 AM-9:00 PM|,"In-person delivery, Compounding, Durable medical equipment sales, Refill notifications"
Farmacia Guayanes,"Edificio Aurora A -1, Calle Pedro Velazquez Diaz # 628",787-836-3131,,Mon-Sat 8:00 AM-6:00 PM|,"In-person delivery, Compounding, Convenience packaging, Refill notifications"
Farmacia Castro Inc,Bo Playa J 31,787-824-5355,,Mon-Sat 8:00 AM-7:00 PM|,"In-person delivery, Compounding, Durable medical equipment sales, Refill notifications"
Super Farmacia Familiar,Carr 64 Km 3 4,787-265-5910,,Mon-Sat 8:00 AM-9:30 PM|,"Durable medical equipment sales, Immunization, Refill notifications"
Farmacia Sagrado Corazon Express Corp,"Ed Dora Paganelli Local 2, Ave Vicente Quilinchini",787-873-7676,,Mon-Sat 7:00 AM-8:00 PM|,"In-person delivery, Convenience packaging, Refill notifications"
Super Farmacia Nelia Inc,16 Fco Ma Quinones,787-873-0198,,Mon-Fri 7:00 AM-9:00 PM|Sat 8:00 AM-9:00 PM|Sun 10:00 AM-5:00 PM|,"In-person delivery, Immunization, Convenience packaging"
Farmacia Lechuga,Rd 130 Km 4 9,787-898-5730,,Mon-Fri 7:30 AM-8:00 PM|Sat 8:00 AM-8:00 PM|Sun 9:00 AM-5:00 PM|,"In-person delivery, Compounding, Durable medical equipment sales, Immunization, Convenience packaging, Refill notifications"
Farmacia La Aurora,"Bo Diego Hernandez Carr 128, Km 3.3",787-856-0023,//www.farmacialaaurora.com,Mon-Fri 7:00 AM-6:00 PM|Sat 8:00 AM-3:00 PM|,"In-person delivery, Compounding, Durable medical equipment sales, Immunization, Refill notifications"
Farmacia La Concepcion,9 Calle Comercio,787-856-0233,,Mon-Fri 8:00 AM-6:00 PM|Sat 8:00 AM-4:30 PM|,"In-person delivery, Compounding, Durable medical equipment sales, 24-hour emergency service, Immunization, Convenience packaging, Refill notifications"
Farmacia Loryan,32 Calle 25 De Julio Esq. Buenaventura Quinones,787-821-3131,,Mon-Fri 8:00 AM-6:00 PM|Sat 8:00 AM-5:00 PM|,"In-person delivery, Durable medical equipment sales, Immunization, Refill notifications"
Farmacia Del Carmen,259 Ave Juan Rosado,787-878-3510,,Mon-Sat 8:00 AM-9:00 PM|Sun 10:00 AM-6:00 PM|,"In-person delivery, Compounding, Durable medical equipment sales, Convenience packaging, Refill notifications"
Farmacia La Caridad,Carr 140 Km 52 5,787-822-2749,,Mon-Sat 8:00 AM-10:00 PM|Sun 10:00 AM-9:00 PM|,Refill notifications
Farmacia Villalba,"Carr 149 Km 56.7, Sector Tierra Santa",787-847-8600,,Mon-Sat 7:00 AM-7:30 PM|Sun 9:00 AM-5:00 PM|,"In-person delivery, Compounding, Durable medical equipment sales, Immunization, Convenience packaging, Refill notifications"
Farmacia Del Pozo,"Rd 149 Km 2.8 Int 668, Bda Cordova Davila",787-854-2041,//www.farmaciadelpozo.com,Mon-Sat 8:00 AM-9:00 PM|,"In-person delivery, Compounding, Durable medical equipment sales, Refill notifications"
Farmacia Lechuga,Rd 130 Km 4 9,787-898-5730,,Mon-Fri 7:30 AM-8:00 PM|Sat 8:00 AM-8:00 PM|Sun 9:00 AM-5:00 PM|,"In-person delivery, Compounding, Durable medical equipment sales, Immunization, Convenience packaging, Refill notifications"
Farmacia Del Carmen,259 Ave Juan Rosado,787-878-3510,,Mon-Sat 8:00 AM-9:00 PM|Sun 10:00 AM-6:00 PM|,"In-person delivery, Compounding, Durable medical equipment sales, Convenience packaging, Refill notifications"
Farmacia La Caridad,Carr 140 Km 52 5,787-822-2749,,Mon-Sat 8:00 AM-10:00 PM|Sun 10:00 AM-9:00 PM|,Refill notifications
Farmacia La Aurora,"Bo Diego Hernandez Carr 128, Km 3.3",787-856-0023,//www.farmacialaaurora.com,Mon-Fri 7:00 AM-6:00 PM|Sat 8:00 AM-3:00 PM|,"In-person delivery, Compounding, Durable medical equipment sales, Immunization, Refill notifications"
Farmacia La Concepcion,9 Calle Comercio,787-856-0233,,Mon-Fri 8:00 AM-6:00 PM|Sat 8:00 AM-4:30 PM|,"In-person delivery, Compounding, Durable medical equipment sales, 24-hour emergency service, Immunization, Convenience packaging, Refill notifications"
Farmacia Sagrado Corazon Express Corp,"Ed Dora Paganelli Local 2, Ave Vicente Quilinchini",787-873-7676,,Mon-Sat 7:00 AM-8:00 PM|,"In-person delivery, Convenience packaging, Refill notifications"
Super Farmacia Nelia Inc,16 Fco Ma Quinones,787-873-0198,,Mon-Fri 7:00 AM-9:00 PM|Sat 8:00 AM-9:00 PM|Sun 10:00 AM-5:00 PM|,"In-person delivery, Immunization, Convenience packaging"
Farmacia Villalba,"Carr 149 Km 56.7, Sector Tierra Santa",787-847-8600,,Mon-Sat 7:00 AM-7:30 PM|Sun 9:00 AM-5:00 PM|,"In-person delivery, Compounding, Durable medical equipment sales, Immunization, Convenience packaging, Refill notifications"
Farmacia Loryan,32 Calle 25 De Julio Esq. Buenaventura Quinones,787-821-3131,,Mon-Fri 8:00 AM-6:00 PM|Sat 8:00 AM-5:00 PM|,"In-person delivery, Durable medical equipment sales, Immunization, Refill notifications"
Farmacia Del Pozo,"Rd 149 Km 2.8 Int 668, Bda Cordova Davila",787-854-2041,//www.farmaciadelpozo.com,Mon-Sat 8:00 AM-9:00 PM|,"In-person delivery, Compounding, Durable medical equipment sales, Refill notifications"
Super Farmacia Familiar,Carr 64 Km 3 4,787-265-5910,,Mon-Sat 8:00 AM-9:30 PM|,"Durable medical equipment sales, Immunization, Refill notifications"
Farmacia Guayanes,"Edificio Aurora A -1, Calle Pedro Velazquez Diaz # 628",787-836-3131,,Mon-Sat 8:00 AM-6:00 PM|,"In-person delivery, Compounding, Convenience packaging, Refill notifications"
Farmacia Castro Inc,Bo Playa J 31,787-824-5355,,Mon-Sat 8:00 AM-7:00 PM|,"In-person delivery, Compounding, Durable medical equipment sales, Refill notifications"
Farmacia Lago Vista Inc,"Ave Blvd 3386 Levittown, Paseo Carmen 3385-86",787-784-4585,,Mon-Fri 7:00 AM-9:00 PM|Sat 8:00 AM-8:00 PM|,"In-person delivery, Immunization, Convenience packaging, Refill notifications"
"Santa Cruz Pharma Care, Llc","73 Calle Santa Cruz, Santa Cruz Medical Building, 101",787-798-4646,,Mon-Fri 7:30 AM-6:00 PM|,"Compounding, Durable medical equipment sales, Immunization, Refill notifications"
Farmacia San Antonio,Calle Rafael Lasa 31,787-732-3131,,Mon-Fri 7:00 AM-5:30 PM|Sat 7:30 AM-4:00 PM|,"In-person delivery, Durable medical equipment sales"
Farmacia La Monserrate,34 Calle Munoz Rivera,787-732-7744,,Mon-Fri 7:30 AM-6:00 PM|Sat 8:00 AM-6:00 PM|,"In-person delivery, Convenience packaging, Refill notifications"
Farmacia Reyes,1320 San Alfonso Ave,787-782-6403,//www.farmaciareyes3.com,Mon-Fri 7:00 AM-8:00 PM|Sat 8:00 AM-8:00 PM|Sun 9:00 AM-6:00 PM|,"In-person delivery, Compounding, Drive-thru window, Durable medical equipment sales, Convenience packaging, Refill notifications"
Farmacia Reyes,"1689 Calle Parana Ste 3, Centro Comercial Rio Piedras Heights",787-764-2899,,Mon-Sat 8:00 AM-8:30 PM|Sun 9:00 AM-6:00 PM|,"In-person delivery, Drive-thru window, Durable medical equipment sales, Immunization, Refill notifications"
San Rafael Specialty Pharmacy,851 Calle Lafayette,787-724-3307,//sanrafaelfarmacia.com,Mon-Fri 8:00 AM-6:00 PM|,"In-person delivery, Compounding, 24-hour emergency service, Refill notifications"
Su Farmacia Amiga Inc.,Ave Las Americas Bu-1 Res Bairoa,787-743-6434,,Mon-Fri 7:00 AM-9:00 PM|Sat 8:00 AM-9:00 PM|Sun 9:00 AM-6:00 PM|,"In-person delivery, Compounding, Refill notifications"
Farmacia Del Carmen,259 Ave Juan Rosado,787-878-3510,,Mon-Sat 8:00 AM-9:00 PM|Sun 10:00 AM-6:00 PM|,"In-person delivery, Compounding, Durable medical equipment sales, Convenience packaging, Refill notifications"
Farmacia Lechuga,Rd 130 Km 4 9,787-898-5730,,Mon-Fri 7:30 AM-8:00 PM|Sat 8:00 AM-8:00 PM|Sun 9:00 AM-5:00 PM|,"In-person delivery, Compounding, Durable medical equipment sales, Immunization, Convenience packaging, Refill notifications"
Farmacia La Caridad,Carr 140 Km 52 5,787-822-2749,,Mon-Sat 8:00 AM-10:00 PM|Sun 10:00 AM-9:00 PM|,Refill notifications
Farmacia Del Pozo,"Rd 149 Km 2.8 Int 668, Bda Cordova Davila",787-854-2041,//www.farmaciadelpozo.com,Mon-Sat 8:00 AM-9:00 PM|,"In-person delivery, Compounding, Durable medical equipment sales, Refill notifications"
Farmacia Villalba,"Carr 149 Km 56.7, Sector Tierra Santa",787-847-8600,,Mon-Sat 7:00 AM-7:30 PM|Sun 9:00 AM-5:00 PM|,"In-person delivery, Compounding, Durable medical equipment sales, Immunization, Convenience packaging, Refill notifications"
Farmacia La Aurora,"Bo Diego Hernandez Carr 128, Km 3.3",787-856-0023,//www.farmacialaaurora.com,Mon-Fri 7:00 AM-6:00 PM|Sat 8:00 AM-3:00 PM|,"In-person delivery, Compounding, Durable medical equipment sales, Immunization, Refill notifications"
Farmacia Sagrado Corazon Express Corp,"Ed Dora Paganelli Local 2, Ave Vicente Quilinchini",787-873-7676,,Mon-Sat 7:00 AM-8:00 PM|,"In-person delivery, Convenience packaging, Refill notifications"
Super Farmacia Nelia Inc,16 Fco Ma Quinones,787-873-0198,,Mon-Fri 7:00 AM-9:00 PM|Sat 8:00 AM-9:00 PM|Sun 10:00 AM-5:00 PM|,"In-person delivery, Immunization, Convenience packaging"
Farmacia La Concepcion,9 Calle Comercio,787-856-0233,,Mon-Fri 8:00 AM-6:00 PM|Sat 8:00 AM-4:30 PM|,"In-person delivery, Compounding, Durable medical equipment sales, 24-hour emergency service, Immunization, Convenience packaging, Refill notifications"
Super Farmacia Familiar,Carr 64 Km 3 4,787-265-5910,,Mon-Sat 8:00 AM-9:30 PM|,"Durable medical equipment sales, Immunization, Refill notifications"
Farmacia Lago Vista Inc,"Ave Blvd 3386 Levittown, Paseo Carmen 3385-86",787-784-4585,,Mon-Fri 7:00 AM-9:00 PM|Sat 8:00 AM-8:00 PM|,"In-person delivery, Immunization, Convenience packaging, Refill notifications"
Farmacia Loryan,32 Calle 25 De Julio Esq. Buenaventura Quinones,787-821-3131,,Mon-Fri 8:00 AM-6:00 PM|Sat 8:00 AM-5:00 PM|,"In-person delivery, Durable medical equipment sales, Immunization, Refill notifications"
"Santa Cruz Pharma Care, Llc","73 Calle Santa Cruz, Santa Cruz Medical Building, 101",787-798-4646,,Mon-Fri 7:30 AM-6:00 PM|,"Compounding, Durable medical equipment sales, Immunization, Refill notifications"
Farmacia Guayanes,"Edificio Aurora A -1, Calle Pedro Velazquez Diaz # 628",787-836-3131,,Mon-Sat 8:00 AM-6:00 PM|,"In-person delivery, Compounding, Convenience packaging, Refill notifications"
Farmacia Reyes,1320 San Alfonso Ave,787-782-6403,//www.farmaciareyes3.com,Mon-Fri 7:00 AM-8:00 PM|Sat 8:00 AM-8:00 PM|Sun 9:00 AM-6:00 PM|,"In-person delivery, Compounding, Drive-thru window, Durable medical equipment sales, Convenience packaging, Refill notifications"
San Rafael Specialty Pharmacy,851 Calle Lafayette,787-724-3307,//sanrafaelfarmacia.com,Mon-Fri 8:00 AM-6:00 PM|,"In-person delivery, Compounding, 24-hour emergency service, Refill notifications"
Farmacia San Antonio,Calle Rafael Lasa 31,787-732-3131,,Mon-Fri 7:00 AM-5:30 PM|Sat 7:30 AM-4:00 PM|,"In-person delivery, Durable medical equipment sales"
Farmacia La Monserrate,34 Calle Munoz Rivera,787-732-7744,,Mon-Fri 7:30 AM-6:00 PM|Sat 8:00 AM-6:00 PM|,"In-person delivery, Convenience packaging, Refill notifications"
Farmacia Castro Inc,Bo Playa J 31,787-824-5355,,Mon-Sat 8:00 AM-7:00 PM|,"In-person delivery, Compounding, Durable medical equipment sales, Refill notifications"
Farmacia Reyes,"1689 Calle Parana Ste 3, Centro Comercial Rio Piedras Heights",787-764-2899,,Mon-Sat 8:00 AM-8:30 PM|Sun 9:00 AM-6:00 PM|,"In-person delivery, Drive-thru window, Durable medical equipment sales, Immunization, Refill notifications"
Su Farmacia Amiga Inc.,Ave Las Americas Bu-1 Res Bairoa,787-743-6434,,Mon-Fri 7:00 AM-9:00 PM|Sat 8:00 AM-9:00 PM|Sun 9:00 AM-6:00 PM|,"In-person delivery, Compounding, Refill notifications"
Farmacia Del Carmen,259 Ave Juan Rosado,787-878-3510,,Mon-Sat 8:00 AM-9:00 PM|Sun 10:00 AM-6:00 PM|,"In-person delivery, Compounding, Durable medical equipment sales, Convenience packaging, Refill notifications"
Farmacia Lechuga,Rd 130 Km 4 9,787-898-5730,,Mon-Fri 7:30 AM-8:00 PM|Sat 8:00 AM-8:00 PM|Sun 9:00 AM-5:00 PM|,"In-person delivery, Compounding, Durable medical equipment sales, Immunization, Convenience packaging, Refill notifications"
Farmacia La Caridad,Carr 140 Km 52 5,787-822-2749,,Mon-Sat 8:00 AM-10:00 PM|Sun 10:00 AM-9:00 PM|,Refill notifications
Farmacia Del Pozo,"Rd 149 Km 2.8 Int 668, Bda Cordova Davila",787-854-2041,//www.farmaciadelpozo.com,Mon-Sat 8:00 AM-9:00 PM|,"In-person delivery, Compounding, Durable medical equipment sales, Refill notifications"
Farmacia Villalba,"Carr 149 Km 56.7, Sector Tierra Santa",787-847-8600,,Mon-Sat 7:00 AM-7:30 PM|Sun 9:00 AM-5:00 PM|,"In-person delivery, Compounding, Durable medical equipment sales, Immunization, Convenience packaging, Refill notifications"
Farmacia La Aurora,"Bo Diego Hernandez Carr 128, Km 3.3",787-856-0023,//www.farmacialaaurora.com,Mon-Fri 7:00 AM-6:00 PM|Sat 8:00 AM-3:00 PM|,"In-person delivery, Compounding, Durable medical equipment sales, Immunization, Refill notifications"
Farmacia Sagrado Corazon Express Corp,"Ed Dora Paganelli Local 2, Ave Vicente Quilinchini",787-873-7676,,Mon-Sat 7:00 AM-8:00 PM|,"In-person delivery, Convenience packaging, Refill notifications"
Super Farmacia Nelia Inc,16 Fco Ma Quinones,787-873-0198,,Mon-Fri 7:00 AM-9:00 PM|Sat 8:00 AM-9:00 PM|Sun 10:00 AM-5:00 PM|,"In-person delivery, Immunization, Convenience packaging"
Farmacia La Concepcion,9 Calle Comercio,787-856-0233,,Mon-Fri 8:00 AM-6:00 PM|Sat 8:00 AM-4:30 PM|,"In-person delivery, Compounding, Durable medical equipment sales, 24-hour emergency service, Immunization, Convenience packaging, Refill notifications"
Super Farmacia Familiar,Carr 64 Km 3 4,787-265-5910,,Mon-Sat 8:00 AM-9:30 PM|,"Durable medical equipment sales, Immunization, Refill notifications"
Farmacia Lago Vista Inc,"Ave Blvd 3386 Levittown, Paseo Carmen 3385-86",787-784-4585,,Mon-Fri 7:00 AM-9:00 PM|Sat 8:00 AM-8:00 PM|,"In-person delivery, Immunization, Convenience packaging, Refill notifications"
Farmacia Loryan,32 Calle 25 De Julio Esq. Buenaventura Quinones,787-821-3131,,Mon-Fri 8:00 AM-6:00 PM|Sat 8:00 AM-5:00 PM|,"In-person delivery, Durable medical equipment sales, Immunization, Refill notifications"
"Santa Cruz Pharma Care, Llc","73 Calle Santa Cruz, Santa Cruz Medical Building, 101",787-798-4646,,Mon-Fri 7:30 AM-6:00 PM|,"Compounding, Durable medical equipment sales, Immunization, Refill notifications"
Farmacia Guayanes,"Edificio Aurora A -1, Calle Pedro Velazquez Diaz # 628",787-836-3131,,Mon-Sat 8:00 AM-6:00 PM|,"In-person delivery, Compounding, Convenience packaging, Refill notifications"
Farmacia Reyes,1320 San Alfonso Ave,787-782-6403,//www.farmaciareyes3.com,Mon-Fri 7:00 AM-8:00 PM|Sat 8:00 AM-8:00 PM|Sun 9:00 AM-6:00 PM|,"In-person delivery, Compounding, Drive-thru window, Durable medical equipment sales, Convenience packaging, Refill notifications"
San Rafael Specialty Pharmacy,851 Calle Lafayette,787-724-3307,//sanrafaelfarmacia.com,Mon-Fri 8:00 AM-6:00 PM|,"In-person delivery, Compounding, 24-hour emergency service, Refill notifications"
Farmacia San Antonio,Calle Rafael Lasa 31,787-732-3131,,Mon-Fri 7:00 AM-5:30 PM|Sat 7:30 AM-4:00 PM|,"In-person delivery, Durable medical equipment sales"
Farmacia La Monserrate,34 Calle Munoz Rivera,787-732-7744,,Mon-Fri 7:30 AM-6:00 PM|Sat 8:00 AM-6:00 PM|,"In-person delivery, Convenience packaging, Refill notifications"
Farmacia Reyes,"1689 Calle Parana Ste 3, Centro Comercial Rio Piedras Heights",787-764-2899,,Mon-Sat 8:00 AM-8:30 PM|Sun 9:00 AM-6:00 PM|,"In-person delivery, Drive-thru window, Durable medical equipment sales, Immunization, Refill notifications"
Farmacia Castro Inc,Bo Playa J 31,787-824-5355,,Mon-Sat 8:00 AM-7:00 PM|,"In-person delivery, Compounding, Durable medical equipment sales, Refill notifications"
Su Farmacia Amiga Inc.,Ave Las Americas Bu-1 Res Bairoa,787-743-6434,,Mon-Fri 7:00 AM-9:00 PM|Sat 8:00 AM-9:00 PM|Sun 9:00 AM-6:00 PM|,"In-person delivery, Compounding, Refill notifications"
Farmacia Del Carmen,259 Ave Juan Rosado,787-878-3510,,Mon-Sat 8:00 AM-9:00 PM|Sun 10:00 AM-6:00 PM|,"In-person delivery, Compounding, Durable medical equipment sales, Convenience packaging, Refill notifications"
Farmacia Lechuga,Rd 130 Km 4 9,787-898-5730,,Mon-Fri 7:30 AM-8:00 PM|Sat 8:00 AM-8:00 PM|Sun 9:00 AM-5:00 PM|,"In-person delivery, Compounding, Durable medical equipment sales, Immunization, Convenience packaging, Refill notifications"
Farmacia La Caridad,Carr 140 Km 52 5,787-822-2749,,Mon-Sat 8:00 AM-10:00 PM|Sun 10:00 AM-9:00 PM|,Refill notifications
Farmacia Del Pozo,"Rd 149 Km 2.8 Int 668, Bda Cordova Davila",787-854-2041,//www.farmaciadelpozo.com,Mon-Sat 8:00 AM-9:00 PM|,"In-person delivery, Compounding, Durable medical equipment sales, Refill notifications"
Farmacia Villalba,"Carr 149 Km 56.7, Sector Tierra Santa",787-847-8600,,Mon-Sat 7:00 AM-7:30 PM|Sun 9:00 AM-5:00 PM|,"In-person delivery, Compounding, Durable medical equipment sales, Immunization, Convenience packaging, Refill notifications"
Farmacia La Aurora,"Bo Diego Hernandez Carr 128, Km 3.3",787-856-0023,//www.farmacialaaurora.com,Mon-Fri 7:00 AM-6:00 PM|Sat 8:00 AM-3:00 PM|,"In-person delivery, Compounding, Durable medical equipment sales, Immunization, Refill notifications"
Farmacia Sagrado Corazon Express Corp,"Ed Dora Paganelli Local 2, Ave Vicente Quilinchini",787-873-7676,,Mon-Sat 7:00 AM-8:00 PM|,"In-person delivery, Convenience packaging, Refill notifications"
Super Farmacia Nelia Inc,16 Fco Ma Quinones,787-873-0198,,Mon-Fri 7:00 AM-9:00 PM|Sat 8:00 AM-9:00 PM|Sun 10:00 AM-5:00 PM|,"In-person delivery, Immunization, Convenience packaging"
Farmacia La Concepcion,9 Calle Comercio,787-856-0233,,Mon-Fri 8:00 AM-6:00 PM|Sat 8:00 AM-4:30 PM|,"In-person delivery, Compounding, Durable medical equipment sales, 24-hour emergency service, Immunization, Convenience packaging, Refill notifications"
Super Farmacia Familiar,Carr 64 Km 3 4,787-265-5910,,Mon-Sat 8:00 AM-9:30 PM|,"Durable medical equipment sales, Immunization, Refill notifications"
Farmacia Loryan,32 Calle 25 De Julio Esq. Buenaventura Quinones,787-821-3131,,Mon-Fri 8:00 AM-6:00 PM|Sat 8:00 AM-5:00 PM|,"In-person delivery, Durable medical equipment sales, Immunization, Refill notifications"
Farmacia Lago Vista Inc,"Ave Blvd 3386 Levittown, Paseo Carmen 3385-86",787-784-4585,,Mon-Fri 7:00 AM-9:00 PM|Sat 8:00 AM-8:00 PM|,"In-person delivery, Immunization, Convenience packaging, Refill notifications"
"Santa Cruz Pharma Care, Llc","73 Calle Santa Cruz, Santa Cruz Medical Building, 101",787-798-4646,,Mon-Fri 7:30 AM-6:00 PM|,"Compounding, Durable medical equipment sales, Immunization, Refill notifications"
Farmacia Guayanes,"Edificio Aurora A -1, Calle Pedro Velazquez Diaz # 628",787-836-3131,,Mon-Sat 8:00 AM-6:00 PM|,"In-person delivery, Compounding, Convenience packaging, Refill notifications"
Farmacia Reyes,1320 San Alfonso Ave,787-782-6403,//www.farmaciareyes3.com,Mon-Fri 7:00 AM-8:00 PM|Sat 8:00 AM-8:00 PM|Sun 9:00 AM-6:00 PM|,"In-person delivery, Compounding, Drive-thru window, Durable medical equipment sales, Convenience packaging, Refill notifications"
Farmacia San Antonio,Calle Rafael Lasa 31,787-732-3131,,Mon-Fri 7:00 AM-5:30 PM|Sat 7:30 AM-4:00 PM|,"In-person delivery, Durable medical equipment sales"
Farmacia La Monserrate,34 Calle Munoz Rivera,787-732-7744,,Mon-Fri 7:30 AM-6:00 PM|Sat 8:00 AM-6:00 PM|,"In-person delivery, Convenience packaging, Refill notifications"
San Rafael Specialty Pharmacy,851 Calle Lafayette,787-724-3307,//sanrafaelfarmacia.com,Mon-Fri 8:00 AM-6:00 PM|,"In-person delivery, Compounding, 24-hour emergency service, Refill notifications"
Farmacia Castro Inc,Bo Playa J 31,787-824-5355,,Mon-Sat 8:00 AM-7:00 PM|,"In-person delivery, Compounding, Durable medical equipment sales, Refill notifications"
Farmacia Reyes,"1689 Calle Parana Ste 3, Centro Comercial Rio Piedras Heights",787-764-2899,,Mon-Sat 8:00 AM-8:30 PM|Sun 9:00 AM-6:00 PM|,"In-person delivery, Drive-thru window, Durable medical equipment sales, Immunization, Refill notifications"
Su Farmacia Amiga Inc.,Ave Las Americas Bu-1 Res Bairoa,787-743-6434,,Mon-Fri 7:00 AM-9:00 PM|Sat 8:00 AM-9:00 PM|Sun 9:00 AM-6:00 PM|,"In-person delivery, Compounding, Refill notifications"
Farmacia Del Carmen,259 Ave Juan Rosado,787-878-3510,,Mon-Sat 8:00 AM-9:00 PM|Sun 10:00 AM-6:00 PM|,"In-person delivery, Compounding, Durable medical equipment sales, Convenience packaging, Refill notifications"
Farmacia Lechuga,Rd 130 Km 4 9,787-898-5730,,Mon-Fri 7:30 AM-8:00 PM|Sat 8:00 AM-8:00 PM|Sun 9:00 AM-5:00 PM|,"In-person delivery, Compounding, Durable medical equipment sales, Immunization, Convenience packaging, Refill notifications"
Farmacia La Caridad,Carr 140 Km 52 5,787-822-2749,,Mon-Sat 8:00 AM-10:00 PM|Sun 10:00 AM-9:00 PM|,Refill notifications
Farmacia Del Pozo,"Rd 149 Km 2.8 Int 668, Bda Cordova Davila",787-854-2041,//www.farmaciadelpozo.com,Mon-Sat 8:00 AM-9:00 PM|,"In-person delivery, Compounding, Durable medical equipment sales, Refill notifications"
Farmacia Villalba,"Carr 149 Km 56.7, Sector Tierra Santa",787-847-8600,,Mon-Sat 7:00 AM-7:30 PM|Sun 9:00 AM-5:00 PM|,"In-person delivery, Compounding, Durable medical equipment sales, Immunization, Convenience packaging, Refill notifications"
Farmacia La Aurora,"Bo Diego Hernandez Carr 128, Km 3.3",787-856-0023,//www.farmacialaaurora.com,Mon-Fri 7:00 AM-6:00 PM|Sat 8:00 AM-3:00 PM|,"In-person delivery, Compounding, Durable medical equipment sales, Immunization, Refill notifications"
Farmacia La Concepcion,9 Calle Comercio,787-856-0233,,Mon-Fri 8:00 AM-6:00 PM|Sat 8:00 AM-4:30 PM|,"In-person delivery, Compounding, Durable medical equipment sales, 24-hour emergency service, Immunization, Convenience packaging, Refill notifications"
Farmacia Sagrado Corazon Express Corp,"Ed Dora Paganelli Local 2, Ave Vicente Quilinchini",787-873-7676,,Mon-Sat 7:00 AM-8:00 PM|,"In-person delivery, Convenience packaging, Refill notifications"
Super Farmacia Nelia Inc,16 Fco Ma Quinones,787-873-0198,,Mon-Fri 7:00 AM-9:00 PM|Sat 8:00 AM-9:00 PM|Sun 10:00 AM-5:00 PM|,"In-person delivery, Immunization, Convenience packaging"
Farmacia Lago Vista Inc,"Ave Blvd 3386 Levittown, Paseo Carmen 3385-86",787-784-4585,,Mon-Fri 7:00 AM-9:00 PM|Sat 8:00 AM-8:00 PM|,"In-person delivery, Immunization, Convenience packaging, Refill notifications"
Super Farmacia Familiar,Carr 64 Km 3 4,787-265-5910,,Mon-Sat 8:00 AM-9:30 PM|,"Durable medical equipment sales, Immunization, Refill notifications"
"Santa Cruz Pharma Care, Llc","73 Calle Santa Cruz, Santa Cruz Medical Building, 101",787-798-4646,,Mon-Fri 7:30 AM-6:00 PM|,"Compounding, Durable medical equipment sales, Immunization, Refill notifications"
Farmacia Loryan,32 Calle 25 De Julio Esq. Buenaventura Quinones,787-821-3131,,Mon-Fri 8:00 AM-6:00 PM|Sat 8:00 AM-5:00 PM|,"In-person delivery, Durable medical equipment sales, Immunization, Refill notifications"
Farmacia Guayanes,"Edificio Aurora A -1, Calle Pedro Velazquez Diaz # 628",787-836-3131,,Mon-Sat 8:00 AM-6:00 PM|,"In-person delivery, Compounding, Convenience packaging, Refill notifications"
Farmacia Reyes,1320 San Alfonso Ave,787-782-6403,//www.farmaciareyes3.com,Mon-Fri 7:00 AM-8:00 PM|Sat 8:00 AM-8:00 PM|Sun 9:00 AM-6:00 PM|,"In-person delivery, Compounding, Drive-thru window, Durable medical equipment sales, Convenience packaging, Refill notifications"
Farmacia San Antonio,Calle Rafael Lasa 31,787-732-3131,,Mon-Fri 7:00 AM-5:30 PM|Sat 7:30 AM-4:00 PM|,"In-person delivery, Durable medical equipment sales"
Farmacia La Monserrate,34 Calle Munoz Rivera,787-732-7744,,Mon-Fri 7:30 AM-6:00 PM|Sat 8:00 AM-6:00 PM|,"In-person delivery, Convenience packaging, Refill notifications"
Farmacia Castro Inc,Bo Playa J 31,787-824-5355,,Mon-Sat 8:00 AM-7:00 PM|,"In-person delivery, Compounding, Durable medical equipment sales, Refill notifications"
San Rafael Specialty Pharmacy,851 Calle Lafayette,787-724-3307,//sanrafaelfarmacia.com,Mon-Fri 8:00 AM-6:00 PM|,"In-person delivery, Compounding, 24-hour emergency service, Refill notifications"
Farmacia Reyes,"1689 Calle Parana Ste 3, Centro Comercial Rio Piedras Heights",787-764-2899,,Mon-Sat 8:00 AM-8:30 PM|Sun 9:00 AM-6:00 PM|,"In-person delivery, Drive-thru window, Durable medical equipment sales, Immunization, Refill notifications"
Su Farmacia Amiga Inc.,Ave Las Americas Bu-1 Res Bairoa,787-743-6434,,Mon-Fri 7:00 AM-9:00 PM|Sat 8:00 AM-9:00 PM|Sun 9:00 AM-6:00 PM|,"In-person delivery, Compounding, Refill notifications"
Farmacia Del Pozo,"Rd 149 Km 2.8 Int 668, Bda Cordova Davila",787-854-2041,//www.farmaciadelpozo.com,Mon-Sat 8:00 AM-9:00 PM|,"In-person delivery, Compounding, Durable medical equipment sales, Refill notifications"
Farmacia La Caridad,Carr 140 Km 52 5,787-822-2749,,Mon-Sat 8:00 AM-10:00 PM|Sun 10:00 AM-9:00 PM|,Refill notifications
Farmacia Del Carmen,259 Ave Juan Rosado,787-878-3510,,Mon-Sat 8:00 AM-9:00 PM|Sun 10:00 AM-6:00 PM|,"In-person delivery, Compounding, Durable medical equipment sales, Convenience packaging, Refill notifications"
Farmacia Lechuga,Rd 130 Km 4 9,787-898-5730,,Mon-Fri 7:30 AM-8:00 PM|Sat 8:00 AM-8:00 PM|Sun 9:00 AM-5:00 PM|,"In-person delivery, Compounding, Durable medical equipment sales, Immunization, Convenience packaging, Refill notifications"
Farmacia Villalba,"Carr 149 Km 56.7, Sector Tierra Santa",787-847-8600,,Mon-Sat 7:00 AM-7:30 PM|Sun 9:00 AM-5:00 PM|,"In-person delivery, Compounding, Durable medical equipment sales, Immunization, Convenience packaging, Refill notifications"
Farmacia Lago Vista Inc,"Ave Blvd 3386 Levittown, Paseo Carmen 3385-86",787-784-4585,,Mon-Fri 7:00 AM-9:00 PM|Sat 8:00 AM-8:00 PM|,"In-person delivery, Immunization, Convenience packaging, Refill notifications"
"Santa Cruz Pharma Care, Llc","73 Calle Santa Cruz, Santa Cruz Medical Building, 101",787-798-4646,,Mon-Fri 7:30 AM-6:00 PM|,"Compounding, Durable medical equipment sales, Immunization, Refill notifications"
Farmacia Reyes,1320 San Alfonso Ave,787-782-6403,//www.farmaciareyes3.com,Mon-Fri 7:00 AM-8:00 PM|Sat 8:00 AM-8:00 PM|Sun 9:00 AM-6:00 PM|,"In-person delivery, Compounding, Drive-thru window, Durable medical equipment sales, Convenience packaging, Refill notifications"
San Rafael Specialty Pharmacy,851 Calle Lafayette,787-724-3307,//sanrafaelfarmacia.com,Mon-Fri 8:00 AM-6:00 PM|,"In-person delivery, Compounding, 24-hour emergency service, Refill notifications"
Farmacia San Antonio,Calle Rafael Lasa 31,787-732-3131,,Mon-Fri 7:00 AM-5:30 PM|Sat 7:30 AM-4:00 PM|,"In-person delivery, Durable medical equipment sales"
Farmacia La Monserrate,34 Calle Munoz Rivera,787-732-7744,,Mon-Fri 7:30 AM-6:00 PM|Sat 8:00 AM-6:00 PM|,"In-person delivery, Convenience packaging, Refill notifications"
Farmacia Reyes,"1689 Calle Parana Ste 3, Centro Comercial Rio Piedras Heights",787-764-2899,,Mon-Sat 8:00 AM-8:30 PM|Sun 9:00 AM-6:00 PM|,"In-person delivery, Drive-thru window, Durable medical equipment sales, Immunization, Refill notifications"
Farmacia Guayanes,"Edificio Aurora A -1, Calle Pedro Velazquez Diaz # 628",787-836-3131,,Mon-Sat 8:00 AM-6:00 PM|,"In-person delivery, Compounding, Convenience packaging, Refill notifications"
Farmacia La Aurora,"Bo Diego Hernandez Carr 128, Km 3.3",787-856-0023,//www.farmacialaaurora.com,Mon-Fri 7:00 AM-6:00 PM|Sat 8:00 AM-3:00 PM|,"In-person delivery, Compounding, Durable medical equipment sales, Immunization, Refill notifications"
Farmacia La Concepcion,9 Calle Comercio,787-856-0233,,Mon-Fri 8:00 AM-6:00 PM|Sat 8:00 AM-4:30 PM|,"In-person delivery, Compounding, Durable medical equipment sales, 24-hour emergency service, Immunization, Convenience packaging, Refill notifications"
Su Farmacia Amiga Inc.,Ave Las Americas Bu-1 Res Bairoa,787-743-6434,,Mon-Fri 7:00 AM-9:00 PM|Sat 8:00 AM-9:00 PM|Sun 9:00 AM-6:00 PM|,"In-person delivery, Compounding, Refill notifications"
Farmacia Castro Inc,Bo Playa J 31,787-824-5355,,Mon-Sat 8:00 AM-7:00 PM|,"In-person delivery, Compounding, Durable medical equipment sales, Refill notifications"
Farmacia Sagrado Corazon Express Corp,"Ed Dora Paganelli Local 2, Ave Vicente Quilinchini",787-873-7676,,Mon-Sat 7:00 AM-8:00 PM|,"In-person delivery, Convenience packaging, Refill notifications"
Super Farmacia Nelia Inc,16 Fco Ma Quinones,787-873-0198,,Mon-Fri 7:00 AM-9:00 PM|Sat 8:00 AM-9:00 PM|Sun 10:00 AM-5:00 PM|,"In-person delivery, Immunization, Convenience packaging"
Farmacia Loryan,32 Calle 25 De Julio Esq. Buenaventura Quinones,787-821-3131,,Mon-Fri 8:00 AM-6:00 PM|Sat 8:00 AM-5:00 PM|,"In-person delivery, Durable medical equipment sales, Immunization, Refill notifications"
Super Farmacia Familiar,Carr 64 Km 3 4,787-265-5910,,Mon-Sat 8:00 AM-9:30 PM|,"Durable medical equipment sales, Immunization, Refill notifications"
Farmacia Las Piedras,"Calle Barbosa, Suite 52",787-733-8255,,Mon-Fri 8:00 AM-9:00 PM|Sat 8:00 AM-8:00 PM|,In-person delivery
Super Farmacia Familiar,Carr 64 Km 3 4,787-265-5910,,Mon-Sat 8:00 AM-9:30 PM|,"Durable medical equipment sales, Immunization, Refill notifications"
Farmacia Sagrado Corazon Express Corp,"Ed Dora Paganelli Local 2, Ave Vicente Quilinchini",787-873-7676,,Mon-Sat 7:00 AM-8:00 PM|,"In-person delivery, Convenience packaging, Refill notifications"
Super Farmacia Nelia Inc,16 Fco Ma Quinones,787-873-0198,,Mon-Fri 7:00 AM-9:00 PM|Sat 8:00 AM-9:00 PM|Sun 10:00 AM-5:00 PM|,"In-person delivery, Immunization, Convenience packaging"
Farmacia Loryan,32 Calle 25 De Julio Esq. Buenaventura Quinones,787-821-3131,,Mon-Fri 8:00 AM-6:00 PM|Sat 8:00 AM-5:00 PM|,"In-person delivery, Durable medical equipment sales, Immunization, Refill notifications"
Farmacia La Aurora,"Bo Diego Hernandez Carr 128, Km 3.3",787-856-0023,//www.farmacialaaurora.com,Mon-Fri 7:00 AM-6:00 PM|Sat 8:00 AM-3:00 PM|,"In-person delivery, Compounding, Durable medical equipment sales, Immunization, Refill notifications"
Farmacia La Concepcion,9 Calle Comercio,787-856-0233,,Mon-Fri 8:00 AM-6:00 PM|Sat 8:00 AM-4:30 PM|,"In-person delivery, Compounding, Durable medical equipment sales, 24-hour emergency service, Immunization, Convenience packaging, Refill notifications"
Farmacia Lechuga,Rd 130 Km 4 9,787-898-5730,,Mon-Fri 7:30 AM-8:00 PM|Sat 8:00 AM-8:00 PM|Sun 9:00 AM-5:00 PM|,"In-person delivery, Compounding, Durable medical equipment sales, Immunization, Convenience packaging, Refill notifications"
Farmacia Del Carmen,259 Ave Juan Rosado,787-878-3510,,Mon-Sat 8:00 AM-9:00 PM|Sun 10:00 AM-6:00 PM|,"In-person delivery, Compounding, Durable medical equipment sales, Convenience packaging, Refill notifications"
Farmacia Villalba,"Carr 149 Km 56.7, Sector Tierra Santa",787-847-8600,,Mon-Sat 7:00 AM-7:30 PM|Sun 9:00 AM-5:00 PM|,"In-person delivery, Compounding, Durable medical equipment sales, Immunization, Convenience packaging, Refill notifications"
Farmacia La Caridad,Carr 140 Km 52 5,787-822-2749,,Mon-Sat 8:00 AM-10:00 PM|Sun 10:00 AM-9:00 PM|,Refill notifications
Super Farmacia Familiar,Carr 64 Km 3 4,787-265-5910,,Mon-Sat 8:00 AM-9:30 PM|,"Durable medical equipment sales, Immunization, Refill notifications"
Farmacia Sagrado Corazon Express Corp,"Ed Dora Paganelli Local 2, Ave Vicente Quilinchini",787-873-7676,,Mon-Sat 7:00 AM-8:00 PM|,"In-person delivery, Convenience packaging, Refill notifications"
Super Farmacia Nelia Inc,16 Fco Ma Quinones,787-873-0198,,Mon-Fri 7:00 AM-9:00 PM|Sat 8:00 AM-9:00 PM|Sun 10:00 AM-5:00 PM|,"In-person delivery, Immunization, Convenience packaging"
Farmacia Loryan,32 Calle 25 De Julio Esq. Buenaventura Quinones,787-821-3131,,Mon-Fri 8:00 AM-6:00 PM|Sat 8:00 AM-5:00 PM|,"In-person delivery, Durable medical equipment sales, Immunization, Refill notifications"
Farmacia La Aurora,"Bo Diego Hernandez Carr 128, Km 3.3",787-856-0023,//www.farmacialaaurora.com,Mon-Fri 7:00 AM-6:00 PM|Sat 8:00 AM-3:00 PM|,"In-person delivery, Compounding, Durable medical equipment sales, Immunization, Refill notifications"
Farmacia La Concepcion,9 Calle Comercio,787-856-0233,,Mon-Fri 8:00 AM-6:00 PM|Sat 8:00 AM-4:30 PM|,"In-person delivery, Compounding, Durable medical equipment sales, 24-hour emergency service, Immunization, Convenience packaging, Refill notifications"
Farmacia Lechuga,Rd 130 Km 4 9,787-898-5730,,Mon-Fri 7:30 AM-8:00 PM|Sat 8:00 AM-8:00 PM|Sun 9:00 AM-5:00 PM|,"In-person delivery, Compounding, Durable medical equipment sales, Immunization, Convenience packaging, Refill notifications"
Farmacia Del Carmen,259 Ave Juan Rosado,787-878-3510,,Mon-Sat 8:00 AM-9:00 PM|Sun 10:00 AM-6:00 PM|,"In-person delivery, Compounding, Durable medical equipment sales, Convenience packaging, Refill notifications"
Farmacia Villalba,"Carr 149 Km 56.7, Sector Tierra Santa",787-847-8600,,Mon-Sat 7:00 AM-7:30 PM|Sun 9:00 AM-5:00 PM|,"In-person delivery, Compounding, Durable medical equipment sales, Immunization, Convenience packaging, Refill notifications"
Farmacia La Caridad,Carr 140 Km 52 5,787-822-2749,,Mon-Sat 8:00 AM-10:00 PM|Sun 10:00 AM-9:00 PM|,Refill notifications
Farmacia Guayanes,"Edificio Aurora A -1, Calle Pedro Velazquez Diaz # 628",787-836-3131,,Mon-Sat 8:00 AM-6:00 PM|,"In-person delivery, Compounding, Convenience packaging, Refill notifications"
Farmacia Castro Inc,Bo Playa J 31,787-824-5355,,Mon-Sat 8:00 AM-7:00 PM|,"In-person delivery, Compounding, Durable medical equipment sales, Refill notifications"
Farmacia Villalba,"Carr 149 Km 56.7, Sector Tierra Santa",787-847-8600,,Mon-Sat 7:00 AM-7:30 PM|Sun 9:00 AM-5:00 PM|,"In-person delivery, Compounding, Durable medical equipment sales, Immunization, Convenience packaging, Refill notifications"
Farmacia La Monserrate,34 Calle Munoz Rivera,787-732-7744,,Mon-Fri 7:30 AM-6:00 PM|Sat 8:00 AM-6:00 PM|,"In-person delivery, Convenience packaging, Refill notifications"
Farmacia San Antonio,Calle Rafael Lasa 31,787-732-3131,,Mon-Fri 7:00 AM-5:30 PM|Sat 7:30 AM-4:00 PM|,"In-person delivery, Durable medical equipment sales"
Su Farmacia Amiga Inc.,Ave Las Americas Bu-1 Res Bairoa,787-743-6434,,Mon-Fri 7:00 AM-9:00 PM|Sat 8:00 AM-9:00 PM|Sun 9:00 AM-6:00 PM|,"In-person delivery, Compounding, Refill notifications"
Farmacia La Caridad,Carr 140 Km 52 5,787-822-2749,,Mon-Sat 8:00 AM-10:00 PM|Sun 10:00 AM-9:00 PM|,Refill notifications
"Santa Cruz Pharma Care, Llc","73 Calle Santa Cruz, Santa Cruz Medical Building, 101",787-798-4646,,Mon-Fri 7:30 AM-6:00 PM|,"Compounding, Durable medical equipment sales, Immunization, Refill notifications"
Farmacia Del Pozo,"Rd 149 Km 2.8 Int 668, Bda Cordova Davila",787-854-2041,//www.farmaciadelpozo.com,Mon-Sat 8:00 AM-9:00 PM|,"In-person delivery, Compounding, Durable medical equipment sales, Refill notifications"
Farmacia Reyes,1320 San Alfonso Ave,787-782-6403,//www.farmaciareyes3.com,Mon-Fri 7:00 AM-8:00 PM|Sat 8:00 AM-8:00 PM|Sun 9:00 AM-6:00 PM|,"In-person delivery, Compounding, Drive-thru window, Durable medical equipment sales, Convenience packaging, Refill notifications"
Farmacia Reyes,"1689 Calle Parana Ste 3, Centro Comercial Rio Piedras Heights",787-764-2899,,Mon-Sat 8:00 AM-8:30 PM|Sun 9:00 AM-6:00 PM|,"In-person delivery, Drive-thru window, Durable medical equipment sales, Immunization, Refill notifications"
Farmacia Lago Vista Inc,"Ave Blvd 3386 Levittown, Paseo Carmen 3385-86",787-784-4585,,Mon-Fri 7:00 AM-9:00 PM|Sat 8:00 AM-8:00 PM|,"In-person delivery, Immunization, Convenience packaging, Refill notifications"
Farmacia Las Piedras,"Calle Barbosa, Suite 52",787-733-8255,,Mon-Fri 8:00 AM-9:00 PM|Sat 8:00 AM-8:00 PM|,In-person delivery
Farmacia La Concepcion,9 Calle Comercio,787-856-0233,,Mon-Fri 8:00 AM-6:00 PM|Sat 8:00 AM-4:30 PM|,"In-person delivery, Compounding, Durable medical equipment sales, 24-hour emergency service, Immunization, Convenience packaging, Refill notifications"
Farmacia La Aurora,"Bo Diego Hernandez Carr 128, Km 3.3",787-856-0023,//www.farmacialaaurora.com,Mon-Fri 7:00 AM-6:00 PM|Sat 8:00 AM-3:00 PM|,"In-person delivery, Compounding, Durable medical equipment sales, Immunization, Refill notifications"
San Rafael Specialty Pharmacy,851 Calle Lafayette,787-724-3307,//sanrafaelfarmacia.com,Mon-Fri 8:00 AM-6:00 PM|,"In-person delivery, Compounding, 24-hour emergency service, Refill notifications"
Farmacia Marisel,"Ave Font Martelo #104, Esq Antonio Lopez",787-850-9246,,Mon-Sat 8:00 AM-7:00 PM|,"In-person delivery, Immunization, Refill notifications"
Farmacia Loryan,32 Calle 25 De Julio Esq. Buenaventura Quinones,787-821-3131,,Mon-Fri 8:00 AM-6:00 PM|Sat 8:00 AM-5:00 PM|,"In-person delivery, Durable medical equipment sales, Immunization, Refill notifications"
Farmacia Del Carmen,259 Ave Juan Rosado,787-878-3510,,Mon-Sat 8:00 AM-9:00 PM|Sun 10:00 AM-6:00 PM|,"In-person delivery, Compounding, Durable medical equipment sales, Convenience packaging, Refill notifications"
Farmacia Sagrado Corazon Express Corp,"Ed Dora Paganelli Local 2, Ave Vicente Quilinchini",787-873-7676,,Mon-Sat 7:00 AM-8:00 PM|,"In-person delivery, Convenience packaging, Refill notifications"
Super Farmacia Nelia Inc,16 Fco Ma Quinones,787-873-0198,,Mon-Fri 7:00 AM-9:00 PM|Sat 8:00 AM-9:00 PM|Sun 10:00 AM-5:00 PM|,"In-person delivery, Immunization, Convenience packaging"
Farmacia Lechuga,Rd 130 Km 4 9,787-898-5730,,Mon-Fri 7:30 AM-8:00 PM|Sat 8:00 AM-8:00 PM|Sun 9:00 AM-5:00 PM|,"In-person delivery, Compounding, Durable medical equipment sales, Immunization, Convenience packaging, Refill notifications"
Farmacia Lechuga,Rd 130 Km 4 9,787-898-5730,,Mon-Fri 7:30 AM-8:00 PM|Sat 8:00 AM-8:00 PM|Sun 9:00 AM-5:00 PM|,"In-person delivery, Compounding, Durable medical equipment sales, Immunization, Convenience packaging, Refill notifications"
Farmacia Del Carmen,259 Ave Juan Rosado,787-878-3510,,Mon-Sat 8:00 AM-9:00 PM|Sun 10:00 AM-6:00 PM|,"In-person delivery, Compounding, Durable medical equipment sales, Convenience packaging, Refill notifications"
Farmacia La Caridad,Carr 140 Km 52 5,787-822-2749,,Mon-Sat 8:00 AM-10:00 PM|Sun 10:00 AM-9:00 PM|,Refill notifications
Farmacia Del Pozo,"Rd 149 Km 2.8 Int 668, Bda Cordova Davila",787-854-2041,//www.farmaciadelpozo.com,Mon-Sat 8:00 AM-9:00 PM|,"In-person delivery, Compounding, Durable medical equipment sales, Refill notifications"
Super Farmacia Familiar,Carr 64 Km 3 4,787-265-5910,,Mon-Sat 8:00 AM-9:30 PM|,"Durable medical equipment sales, Immunization, Refill notifications"
Farmacia Sagrado Corazon Express Corp,"Ed Dora Paganelli Local 2, Ave Vicente Quilinchini",787-873-7676,,Mon-Sat 7:00 AM-8:00 PM|,"In-person delivery, Convenience packaging, Refill notifications"
Super Farmacia Nelia Inc,16 Fco Ma Quinones,787-873-0198,,Mon-Fri 7:00 AM-9:00 PM|Sat 8:00 AM-9:00 PM|Sun 10:00 AM-5:00 PM|,"In-person delivery, Immunization, Convenience packaging"
Farmacia La Aurora,"Bo Diego Hernandez Carr 128, Km 3.3",787-856-0023,//www.farmacialaaurora.com,Mon-Fri 7:00 AM-6:00 PM|Sat 8:00 AM-3:00 PM|,"In-person delivery, Compounding, Durable medical equipment sales, Immunization, Refill notifications"
Farmacia La Concepcion,9 Calle Comercio,787-856-0233,,Mon-Fri 8:00 AM-6:00 PM|Sat 8:00 AM-4:30 PM|,"In-person delivery, Compounding, Durable medical equipment sales, 24-hour emergency service, Immunization, Convenience packaging, Refill notifications"
Farmacia Villalba,"Carr 149 Km 56.7, Sector Tierra Santa",787-847-8600,,Mon-Sat 7:00 AM-7:30 PM|Sun 9:00 AM-5:00 PM|,"In-person delivery, Compounding, Durable medical equipment sales, Immunization, Convenience packaging, Refill notifications"
Farmacia Loryan,32 Calle 25 De Julio Esq. Buenaventura Quinones,787-821-3131,,Mon-Fri 8:00 AM-6:00 PM|Sat 8:00 AM-5:00 PM|,"In-person delivery, Durable medical equipment sales, Immunization, Refill notifications"
Farmacia Lago Vista Inc,"Ave Blvd 3386 Levittown, Paseo Carmen 3385-86",787-784-4585,,Mon-Fri 7:00 AM-9:00 PM|Sat 8:00 AM-8:00 PM|,"In-person delivery, Immunization, Convenience packaging, Refill notifications"
"Santa Cruz Pharma Care, Llc","73 Calle Santa Cruz, Santa Cruz Medical Building, 101",787-798-4646,,Mon-Fri 7:30 AM-6:00 PM|,"Compounding, Durable medical equipment sales, Immunization, Refill notifications"
Farmacia Guayanes,"Edificio Aurora A -1, Calle Pedro Velazquez Diaz # 628",787-836-3131,,Mon-Sat 8:00 AM-6:00 PM|,"In-person delivery, Compounding, Convenience packaging, Refill notifications"
Farmacia Reyes,1320 San Alfonso Ave,787-782-6403,//www.farmaciareyes3.com,Mon-Fri 7:00 AM-8:00 PM|Sat 8:00 AM-8:00 PM|Sun 9:00 AM-6:00 PM|,"In-person delivery, Compounding, Drive-thru window, Durable medical equipment sales, Convenience packaging, Refill notifications"
